quarter_end,quarter,year,region,market,total_subscriptions,subscription_penetration_%,subscriber_penetration,TAM,SOM
3/31/2023,Q1,2023,APAC,AU,15817547.27,0.07,1048590.54,2411758.24,1166557.45
3/31/2023,Q1,2023,APAC,BD,248498,0,0,0,0
3/31/2023,Q1,2023,APAC,BN,56345,0,0,0,0
3/31/2023,Q1,2023,APAC,HK,2105841,0.048793313,102750.9596,236327.207,124510.5716
3/31/2023,Q1,2023,APAC,ID,1414365,0.023532471,33283.50308,76552.05708,40553.33764
3/31/2023,Q1,2023,APAC,IN,24372880.29,0.030032744,731984.464,1683564.267,783774.5866
3/31/2023,Q1,2023,APAC,JP,19459008.22,0.018348335,357040.3978,821192.915,430083.6376
3/31/2023,Q1,2023,APAC,KR,12601091.18,0.018086845,227913.9783,524202.1501,310196.931
3/31/2023,Q1,2023,APAC,LK,179596,0,0,0,0
3/31/2023,Q1,2023,APAC,MY,1469262,0.017275319,25381.96998,58378.53096,28546.56389
3/31/2023,Q1,2023,APAC,NZ,2083629.026,0.065463598,136401.8521,313724.2599,143382.413
3/31/2023,Q1,2023,APAC,PH,4710157,0.034460559,162314.6453,373323.6842,194755.5301
3/31/2023,Q1,2023,APAC,PK,731625,0,0,0,0
3/31/2023,Q1,2023,APAC,SG,1128081.024,0.048326224,54515.89661,125386.5622,60914.89034
3/31/2023,Q1,2023,APAC,TH,2882283,0.02486518,71668.48575,164837.5172,92440.70154
3/31/2023,Q1,2023,APAC,TW,3261193.063,0.026991998,88026.11645,202460.0678,126430.8721
3/31/2023,Q1,2023,APAC,VN,3157226,0,0,0,0
3/31/2023,Q1,2023,EMEA,AE,2018144.968,0.050607078,102132.4189,234904.5636,120769.5391
3/31/2023,Q1,2023,EMEA,AL,41522.99893,0,0,0,0
3/31/2023,Q1,2023,EMEA,AT,2580915.003,0.050564858,130503.6015,300158.2834,129198.9217
3/31/2023,Q1,2023,EMEA,BA,110216.9972,0,0,0,0
3/31/2023,Q1,2023,EMEA,BE,3192326.001,0.055793124,178109.8413,409652.635,178282.4044
3/31/2023,Q1,2023,EMEA,BG,229070.9941,0.016788426,3845.741453,8845.205342,5600.620618
3/31/2023,Q1,2023,EMEA,BH,86254.99777,0,0,0,0
3/31/2023,Q1,2023,EMEA,CH,4055322.007,0.059289295,240437.1826,553005.5201,244454.913
3/31/2023,Q1,2023,EMEA,CY,208249.9946,0,0,0,0
3/31/2023,Q1,2023,EMEA,CZ,812429.9869,0.036681673,29801.29079,68542.96882,36493.50909
3/31/2023,Q1,2023,EMEA,DE,31590383.97,0.068751886,2171898.489,4995366.524,2253216.028
3/31/2023,Q1,2023,EMEA,DK,3074299.747,0.08122864,249721.1885,574358.7335,254058.0122
3/31/2023,Q1,2023,EMEA,DZ,210779.9946,0,0,0,0
3/31/2023,Q1,2023,EMEA,EE,203570.9947,0.018428723,3751.553461,8628.57296,6508.38496
3/31/2023,Q1,2023,EMEA,EG,445864.9897,0.020642906,9203.949175,21169.0831,9432.70694
3/31/2023,Q1,2023,EMEA,ES,15021673.53,0.056164555,843685.6071,1940476.896,990811.9924
3/31/2023,Q1,2023,EMEA,FI,2854507.953,0.052866367,150907.4657,347087.1711,172013.3489
3/31/2023,Q1,2023,EMEA,FR,23671038.16,0.077812196,1841895.47,4236359.58,2197981.052
3/31/2023,Q1,2023,EMEA,GB,39824443.65,0.075106871,2991089.364,6879505.537,3388971.628
3/31/2023,Q1,2023,EMEA,GH,115948.997,0,0,0,0
3/31/2023,Q1,2023,EMEA,GR,941261.9852,0.060376796,56830.3831,130709.8811,64510.15879
3/31/2023,Q1,2023,EMEA,HR,309709.992,0.017300076,5358.006525,12323.41501,5719.532037
3/31/2023,Q1,2023,EMEA,HU,802680.0134,0.052340611,42012.76273,96629.35428,42784.68531
3/31/2023,Q1,2023,EMEA,IE,1293645.988,0.062906405,81378.61795,187170.8213,92697.48008
3/31/2023,Q1,2023,EMEA,IL,859462.9778,0,0,0,0
3/31/2023,Q1,2023,EMEA,IQ,103135.9973,0,0,0,0
3/31/2023,Q1,2023,EMEA,IR,14788.99962,0,0,0,0
3/31/2023,Q1,2023,EMEA,IS,142386.9963,0.019986582,2845.829363,6545.407535,4893.434555
3/31/2023,Q1,2023,EMEA,IT,12306779.55,0.053207064,654807.6021,1506057.485,709406.2956
3/31/2023,Q1,2023,EMEA,JO,174895.9955,0,0,0,0
3/31/2023,Q1,2023,EMEA,KE,305891.9921,0,0,0,0
3/31/2023,Q1,2023,EMEA,KW,165523.9957,0,0,0,0
3/31/2023,Q1,2023,EMEA,LB,141627.9963,0,0,0,0
3/31/2023,Q1,2023,EMEA,LT,216568.9944,0.015744318,3409.73116,7842.381667,6092.335756
3/31/2023,Q1,2023,EMEA,LU,123766.9968,0,0,0,0
3/31/2023,Q1,2023,EMEA,LV,126474.9967,0.013978806,1767.96949,4066.329827,3641.734071
3/31/2023,Q1,2023,EMEA,MA,340582.9912,0,0,0,0
3/31/2023,Q1,2023,EMEA,MT,190556.9951,0,0,0,0
3/31/2023,Q1,2023,EMEA,NG,422778.9891,0,0,0,0
3/31/2023,Q1,2023,EMEA,NL,7691704.91,0.07872224,605508.2388,1392668.949,643483.5211
3/31/2023,Q1,2023,EMEA,NO,6205856.66,0.082775545,513693.1673,1181494.285,568860.5426
3/31/2023,Q1,2023,EMEA,OM,157249.9959,0,0,0,0
3/31/2023,Q1,2023,EMEA,PL,5363683.004,0.061343981,329029.6707,756768.2426,334873.0501
3/31/2023,Q1,2023,EMEA,PT,2144973.241,0.085887969,184227.3953,423723.0091,201252.5778
3/31/2023,Q1,2023,EMEA,QA,261800.9932,0,0,0,0
3/31/2023,Q1,2023,EMEA,RO,910889.8866,0.055434767,50494.96849,116138.4275,58980.87761
3/31/2023,Q1,2023,EMEA,RS,264962.9932,0,0,0,0
3/31/2023,Q1,2023,EMEA,SA,1223349.979,0.046923833,57404.27004,132029.8211,69362.99449
3/31/2023,Q1,2023,EMEA,SE,5572842.741,0.077297708,430767.9736,990766.3394,502944.2117
3/31/2023,Q1,2023,EMEA,SI,190022.9951,0,0,0,0
3/31/2023,Q1,2023,EMEA,SK,358104.9907,0.008108299,2903.6225,6678.331749,3820.043154
3/31/2023,Q1,2023,EMEA,TN,357778.9908,0,0,0,0
3/31/2023,Q1,2023,EMEA,TR,6292206.006,0.040930035,257540.2147,592342.4937,310071.9431
3/31/2023,Q1,2023,EMEA,UA,617285.9787,1.081880322,667829.5535,1536007.973,900033.2161
3/31/2023,Q1,2023,EMEA,ZA,681151.99,0.130737949,89052.41414,204820.5525,123458.3961
3/31/2023,Q1,2023,LATAM,AR,14617955.3,0.058642438,857232.538,1971634.837,811164.0746
3/31/2023,Q1,2023,LATAM,BR,47178697.83,0.085341734,4026311.875,9260517.312,4343383.823
3/31/2023,Q1,2023,LATAM,CL,6041818.277,0.061647481,372462.8755,856664.6137,379053.5515
3/31/2023,Q1,2023,LATAM,CO,9483967.996,0.048921414,463969.1252,1067128.988,524699.4684
3/31/2023,Q1,2023,LATAM,EC,2518917.12,0.039210646,98768.36639,227167.2427,109199.8394
3/31/2023,Q1,2023,LATAM,JM,793905.0102,0.268716433,213335.3225,490671.2418,245027.125
3/31/2023,Q1,2023,LATAM,MX,31258840.74,0.059759915,1868025.659,4296459.015,2066648.574
3/31/2023,Q1,2023,LATAM,PA,1651343.446,0.058142518,96013.26677,220830.5136,107783.2958
3/31/2023,Q1,2023,LATAM,PE,3441833.105,0.036752329,126495.3821,290939.3787,145230.3177
3/31/2023,Q1,2023,LATAM,PY,250437,0.009104411,2280.081302,5244.186995,3615.90605
3/31/2023,Q1,2023,LATAM,TT,172142,0,0,0,0
3/31/2023,Q1,2023,LATAM,UY,766752,0.010601824,8128.96948,18696.6298,8237.056019
3/31/2023,Q1,2023,LATAM,VE,1648330.531,0.039626515,65317.59459,150230.4676,78768.51568
3/31/2023,Q1,2023,UCAN,CA,23943085.32,0.074171746,1775900.432,4084570.994,1833094.82
3/31/2023,Q1,2023,UCAN,US,344032020.2,0.122489259,42140227.37,96922522.94,43714402.52
6/30/2023,Q2,2023,APAC,AU,15444395.03,0.08138548,1256949.502,2890983.854,1560719.824
6/30/2023,Q2,2023,APAC,BD,255093.0063,0,0,0,0
6/30/2023,Q2,2023,APAC,BN,57841.00143,0,0,0,0
6/30/2023,Q2,2023,APAC,HK,2186412.019,0.069079954,151037.2421,347385.6568,202312.1398
6/30/2023,Q2,2023,APAC,ID,1484319.024,0.031782507,47175.38027,108503.3746,67289.43896
6/30/2023,Q2,2023,APAC,IN,24999871.31,0.034740984,868520.1317,1997596.303,981698.7887
6/30/2023,Q2,2023,APAC,JP,20012091.04,0.026826492,536854.2057,1234764.673,698347.9841
6/30/2023,Q2,2023,APAC,KR,13123087.09,0.023026527,302179.1245,695011.9863,427396.7793
6/30/2023,Q2,2023,APAC,LK,184363.0045,0,0,0,0
6/30/2023,Q2,2023,APAC,MY,1511470.035,0.019891738,30065.76598,69151.26175,39985.85505
6/30/2023,Q2,2023,APAC,NZ,2119803.011,0.088025272,186596.2365,429171.344,251788.8367
6/30/2023,Q2,2023,APAC,PH,4941470.08,0.042810086,211544.7567,486552.9404,273708.7928
6/30/2023,Q2,2023,APAC,PK,751042.0185,0,0,0,0
6/30/2023,Q2,2023,APAC,SG,1159937.001,0.062413405,72395.61815,166509.9218,96240.89098
6/30/2023,Q2,2023,APAC,TH,3012928.057,0.031196698,93993.40547,216184.8326,140018.9964
6/30/2023,Q2,2023,APAC,TW,3292076.017,0.037511431,123490.4833,284028.1116,206540.7117
6/30/2023,Q2,2023,APAC,VN,3247511.08,0,0,0,0
6/30/2023,Q2,2023,EMEA,AE,2121242.984,0.066134557,140287.4656,322661.1709,197030.5853
6/30/2023,Q2,2023,EMEA,AL,43167.99946,0,0,0,0
6/30/2023,Q2,2023,EMEA,AT,2727054.973,0.057159692,155877.6227,358518.5322,213392.2307
6/30/2023,Q2,2023,EMEA,BA,114580.9986,0,0,0,0
6/30/2023,Q2,2023,EMEA,BE,3347725.951,0.073793748,247041.2458,568194.8653,284424.3814
6/30/2023,Q2,2023,EMEA,BG,238142.997,0.014830226,3531.714542,8122.943447,4904.110119
6/30/2023,Q2,2023,EMEA,BH,89670.99888,0,0,0,0
6/30/2023,Q2,2023,EMEA,CH,4275734.957,0.069117163,295526.6682,679711.337,342515.8268
6/30/2023,Q2,2023,EMEA,CY,216495.9973,0,0,0,0
6/30/2023,Q2,2023,EMEA,CZ,1059171.516,0.062007513,65676.59116,151056.1597,89539.46762
6/30/2023,Q2,2023,EMEA,DE,32920966.61,0.076824044,2529121.796,5816980.131,2827887.723
6/30/2023,Q2,2023,EMEA,DK,3210730.341,0.104678263,336093.6762,773015.4552,413050.5734
6/30/2023,Q2,2023,EMEA,DZ,219126.9973,0,0,0,0
6/30/2023,Q2,2023,EMEA,EE,211632.9973,0.024781636,5244.611851,12062.60726,10354.82893
6/30/2023,Q2,2023,EMEA,EG,464021.9948,0.02317421,10753.34303,24732.68897,12393.17106
6/30/2023,Q2,2023,EMEA,ES,15359792.15,0.063281169,971985.6105,2235566.904,1295415.754
6/30/2023,Q2,2023,EMEA,FI,3026183.568,0.071723332,217047.9675,499210.3253,324035.889
6/30/2023,Q2,2023,EMEA,FR,24674687.71,0.085872045,2118865.895,4873391.558,2704914.733
6/30/2023,Q2,2023,EMEA,GB,39411378.31,0.084592385,3333902.49,7667975.728,4152320.288
6/30/2023,Q2,2023,EMEA,GH,120540.9985,0,0,0,0
6/30/2023,Q2,2023,EMEA,GR,987025.9925,0.07820137,77186.78523,177529.606,94409.42809
6/30/2023,Q2,2023,EMEA,HR,321974.996,0.011254296,3623.601805,8334.284151,4549.192825
6/30/2023,Q2,2023,EMEA,HU,808964.8326,0.07812244,63198.30658,145356.1051,96323.74403
6/30/2023,Q2,2023,EMEA,IE,1411204.992,0.083050399,117201.1371,269562.6154,166123.2485
6/30/2023,Q2,2023,EMEA,IL,893500.9888,0,0,0,0
6/30/2023,Q2,2023,EMEA,IQ,107220.9987,0,0,0,0
6/30/2023,Q2,2023,EMEA,IR,15374.99981,0,0,0,0
6/30/2023,Q2,2023,EMEA,IS,148025.9981,0.01922432,2845.699121,6545.107977,2860.10087
6/30/2023,Q2,2023,EMEA,IT,12498837.17,0.062129738,776549.4846,1786063.815,939621.1391
6/30/2023,Q2,2023,EMEA,JO,181822.9977,0,0,0,0
6/30/2023,Q2,2023,EMEA,KE,318004.996,0,0,0,0
6/30/2023,Q2,2023,EMEA,KW,172078.9978,0,0,0,0
6/30/2023,Q2,2023,EMEA,LB,147236.9982,0,0,0,0
6/30/2023,Q2,2023,EMEA,LT,225145.9972,0.028940343,6515.802356,14986.34542,12626.90978
6/30/2023,Q2,2023,EMEA,LU,128668.9984,0,0,0,0
6/30/2023,Q2,2023,EMEA,LV,131482.9984,0.020575795,2705.367156,6222.344458,5614.932071
6/30/2023,Q2,2023,EMEA,MA,354070.9956,0,0,0,0
6/30/2023,Q2,2023,EMEA,MT,198102.9975,0,0,0,0
6/30/2023,Q2,2023,EMEA,NG,439521.9945,0,0,0,0
6/30/2023,Q2,2023,EMEA,NL,7915664.504,0.09421979,745812.2496,1715368.174,854227.7117
6/30/2023,Q2,2023,EMEA,NO,6454449.416,0.100544899,648961.9627,1492612.514,853423.0143
6/30/2023,Q2,2023,EMEA,OM,163476.998,0,0,0,0
6/30/2023,Q2,2023,EMEA,PL,5543111.284,0.080844438,448129.7151,1030698.345,516597.8924
6/30/2023,Q2,2023,EMEA,PT,2238936.052,0.119764398,268144.8274,616733.103,362822.7142
6/30/2023,Q2,2023,EMEA,QA,272168.9966,0,0,0,0
6/30/2023,Q2,2023,EMEA,RO,927572.3116,0.06983992,64781.57625,148997.6254,91595.69196
6/30/2023,Q2,2023,EMEA,RS,275456.9965,0,0,0,0
6/30/2023,Q2,2023,EMEA,SA,1282833.99,0.052267759,67050.85807,154216.9736,87751.44826
6/30/2023,Q2,2023,EMEA,SE,5741436.861,0.093519796,536938.0027,1234957.406,675833.455
6/30/2023,Q2,2023,EMEA,SI,197546.9975,0,0,0,0
6/30/2023,Q2,2023,EMEA,SK,372285.9953,0.006966894,2593.677152,5965.457449,3986.389277
6/30/2023,Q2,2023,EMEA,TN,371947.9953,0,0,0,0
6/30/2023,Q2,2023,EMEA,TR,6724423.903,0.055334826,372094.8296,855818.108,510303.2274
6/30/2023,Q2,2023,EMEA,UA,620733.2818,1.349568843,837722.297,1926761.283,1087203.736
6/30/2023,Q2,2023,EMEA,ZA,708185.995,0.139986092,99136.18999,228013.237,136438.8729
6/30/2023,Q2,2023,LATAM,AR,15326484.34,0.077505475,1187886.447,2732138.828,1460983.116
6/30/2023,Q2,2023,LATAM,BR,47907579.13,0.098729132,4729873.684,10878709.47,5392752.295
6/30/2023,Q2,2023,LATAM,CL,6316451.572,0.085743439,541594.281,1245666.846,729496.6054
6/30/2023,Q2,2023,LATAM,CO,9931644.603,0.071671648,711817.3365,1637179.874,1136901.715
6/30/2023,Q2,2023,LATAM,EC,2667102.782,0.066449543,177227.7601,407623.8482,306448.4968
6/30/2023,Q2,2023,LATAM,JM,890275.9912,0.335106616,298337.3744,686175.9612,439978.6261
6/30/2023,Q2,2023,LATAM,MX,32364560.24,0.074876768,2423353.68,5573713.465,3363490.783
6/30/2023,Q2,2023,LATAM,PA,1596053.177,0.109047311,174045.3073,400304.2068,330673.096
6/30/2023,Q2,2023,LATAM,PE,3555161.603,0.061210508,217613.247,500510.4681,382413.2073
6/30/2023,Q2,2023,LATAM,PY,257814.9879,0.005028724,1296.480528,2981.905214,880.0413672
6/30/2023,Q2,2023,LATAM,TT,178947.9916,0,0,0,0
6/30/2023,Q2,2023,LATAM,UY,789341.9628,0.006579825,5193.731663,11945.58282,3348.350098
6/30/2023,Q2,2023,LATAM,VE,1714552.662,0.068458856,117376.3144,269965.5231,199031.6948
6/30/2023,Q2,2023,UCAN,CA,24330126,0.084669056,2060008.79,4738020.216,2252264.758
6/30/2023,Q2,2023,UCAN,US,346186277,0.131452144,45506928.36,104665935.2,52379319.91
9/30/2023,Q3,2023,APAC,AU,15941876.49,0.072773076,1160139.396,2668320.611,1539332.052
9/30/2023,Q3,2023,APAC,BD,266878,0,0,0,0
9/30/2023,Q3,2023,APAC,BN,60513,0,0,0,0
9/30/2023,Q3,2023,APAC,HK,2291680,0.071865429,164692.5666,378792.9032,197884.8237
9/30/2023,Q3,2023,APAC,ID,1566318,0.031353447,49109.46848,112951.7775,79401.13796
9/30/2023,Q3,2023,APAC,IN,26195122.27,0.034480821,903229.3235,2077427.444,1134631.177
9/30/2023,Q3,2023,APAC,JP,21504926.43,0.022285342,479244.6322,1102262.654,632324.1389
9/30/2023,Q3,2023,APAC,KR,13670572.37,0.0229325,313500.4014,721050.9232,458193.5038
9/30/2023,Q3,2023,APAC,LK,192881,0,0,0,0
9/30/2023,Q3,2023,APAC,MY,1587545,0.026285783,41729.86296,95978.68481,72253.74761
9/30/2023,Q3,2023,APAC,NZ,2215093.051,0.0678513,150296.9432,345682.9694,204842.859
9/30/2023,Q3,2023,APAC,PH,5225585,0.043314568,226343.9543,520591.0949,319239.4165
9/30/2023,Q3,2023,APAC,PK,785741,0,0,0,0
9/30/2023,Q3,2023,APAC,SG,1253914.047,0.056540907,70897.43765,163064.1066,92463.14672
9/30/2023,Q3,2023,APAC,TH,3181491,0.028958243,92130.38813,211899.8927,145580.8533
9/30/2023,Q3,2023,APAC,TW,3623199.132,0.035561803,128847.4952,296349.2389,211514.0429
9/30/2023,Q3,2023,APAC,VN,3400958,0,0,0,0
9/30/2023,Q3,2023,EMEA,AE,2262600.935,0.055918144,126520.4454,290997.0245,187445.5975
9/30/2023,Q3,2023,EMEA,AL,45683.99782,0,0,0,0
9/30/2023,Q3,2023,EMEA,AT,2919927.013,0.045404481,132577.7697,304928.8703,180526.8437
9/30/2023,Q3,2023,EMEA,BA,121260.9942,0,0,0,0
9/30/2023,Q3,2023,EMEA,BE,3503153,0.058832493,206099.2257,474028.2191,246071.1207
9/30/2023,Q3,2023,EMEA,BG,252025.988,0.014752974,3718.132821,8551.705489,5379.009082
9/30/2023,Q3,2023,EMEA,BH,94898.99547,0,0,0,0
9/30/2023,Q3,2023,EMEA,CH,4557802.022,0.064961856,296083.2788,680991.5412,345081.0575
9/30/2023,Q3,2023,EMEA,CY,229116.9891,0,0,0,0
9/30/2023,Q3,2023,EMEA,CZ,894742.9734,0.044456361,39777.017,91487.13911,57972.87594
9/30/2023,Q3,2023,EMEA,DE,34750048.31,0.073825916,2565454.139,5900544.52,2932346.408
9/30/2023,Q3,2023,EMEA,DK,3399225.052,0.084037778,285663.3211,657025.6385,369237.432
9/30/2023,Q3,2023,EMEA,DZ,231901.9889,0,0,0,0
9/30/2023,Q3,2023,EMEA,EE,223969.9893,0.014907661,3338.868638,7679.397868,5949.515999
9/30/2023,Q3,2023,EMEA,EG,490676.9791,0.021243829,10423.85804,23974.87349,12503.21008
9/30/2023,Q3,2023,EMEA,ES,16273207.12,0.060764133,988827.3268,2274302.852,1342746.184
9/30/2023,Q3,2023,EMEA,FI,3193881.162,0.058670934,187387.9912,430992.3799,247601.7918
9/30/2023,Q3,2023,EMEA,FR,26179436.29,0.078410943,2052754.274,4721334.83,2596866.426
9/30/2023,Q3,2023,EMEA,GB,40249191.27,0.078568437,3162316.054,7273326.924,3811678.384
9/30/2023,Q3,2023,EMEA,GH,127567.9939,0,0,0,0
9/30/2023,Q3,2023,EMEA,GR,1051914.97,0.068739375,72307.97801,166308.3494,95992.98478
9/30/2023,Q3,2023,EMEA,HR,340745.9837,0.015634506,5327.395191,12253.00894,8345.563582
9/30/2023,Q3,2023,EMEA,HU,854077.7854,0.058999757,50390.38212,115897.8789,74817.07369
9/30/2023,Q3,2023,EMEA,IE,1549454.98,0.065427003,101376.1961,233165.251,144625.0018
9/30/2023,Q3,2023,EMEA,IL,945586.9548,0,0,0,0
9/30/2023,Q3,2023,EMEA,IQ,113471.9946,0,0,0,0
9/30/2023,Q3,2023,EMEA,IR,16270.99922,0,0,0,0
9/30/2023,Q3,2023,EMEA,IS,156654.9925,0.016112727,2524.139053,5805.519821,3559.498545
9/30/2023,Q3,2023,EMEA,IT,13114686.53,0.05539388,726473.3681,1670888.747,900186.2291
9/30/2023,Q3,2023,EMEA,JO,192421.9908,0,0,0,0
9/30/2023,Q3,2023,EMEA,KE,336543.9839,0,0,0,0
9/30/2023,Q3,2023,EMEA,KW,182110.9913,0,0,0,0
9/30/2023,Q3,2023,EMEA,LB,155820.9926,0,0,0,0
9/30/2023,Q3,2023,EMEA,LT,238270.9886,0.018592672,4430.094415,10189.21716,7675.772624
9/30/2023,Q3,2023,EMEA,LU,136168.9935,0,0,0,0
9/30/2023,Q3,2023,EMEA,LV,139147.9934,0.015266893,2124.357503,4886.022256,3583.823895
9/30/2023,Q3,2023,EMEA,MA,374710.9821,0,0,0,0
9/30/2023,Q3,2023,EMEA,MT,209650.99,0,0,0,0
9/30/2023,Q3,2023,EMEA,NG,465143.9778,0,0,0,0
9/30/2023,Q3,2023,EMEA,NL,8448953.924,0.092634288,782662.8321,1800124.514,920871.12
9/30/2023,Q3,2023,EMEA,NO,6934089.288,0.082519363,572196.6279,1316052.244,747605.0865
9/30/2023,Q3,2023,EMEA,OM,173006.9917,0,0,0,0
9/30/2023,Q3,2023,EMEA,PL,5887025.045,0.068771044,404856.8585,931170.7746,503060.1331
9/30/2023,Q3,2023,EMEA,PT,2386171.609,0.087348019,208427.364,479382.9373,274637.825
9/30/2023,Q3,2023,EMEA,QA,288034.9862,0,0,0,0
9/30/2023,Q3,2023,EMEA,RO,971863.0784,0.062044646,60298.90031,138687.4707,81377.44479
9/30/2023,Q3,2023,EMEA,RS,291513.9861,0,0,0,0
9/30/2023,Q3,2023,EMEA,SA,1362547.958,0.044204998,60231.43042,138532.29,84788.54434
9/30/2023,Q3,2023,EMEA,SE,6125534.833,0.080557666,493458.7891,1134955.215,595309.6513
9/30/2023,Q3,2023,EMEA,SI,209063.99,0,0,0,0
9/30/2023,Q3,2023,EMEA,SK,393988.9812,0.012235393,4820.609855,11087.40267,9156.401248
9/30/2023,Q3,2023,EMEA,TN,393630.9812,0,0,0,0
9/30/2023,Q3,2023,EMEA,TR,7067476.005,0.044104935,311710.5677,716934.3058,429465.9336
9/30/2023,Q3,2023,EMEA,UA,644198.9631,1.33181078,857951.1238,1973287.585,1096957.443
9/30/2023,Q3,2023,EMEA,ZA,749855.9797,0.131922371,98922.77844,227522.3904,137043.7371
9/30/2023,Q3,2023,LATAM,AR,16059891.66,0.070011935,1124384.093,2586083.415,1444704.518
9/30/2023,Q3,2023,LATAM,BR,49578615.07,0.090284351,4476173.086,10295198.1,5137514.206
9/30/2023,Q3,2023,LATAM,CL,6675218.131,0.072512364,484035.8451,1113282.444,669682.7105
9/30/2023,Q3,2023,LATAM,CO,10516009.8,0.05359835,563640.7752,1296373.783,809046.3975
9/30/2023,Q3,2023,LATAM,EC,2857998.083,0.037399483,106887.6513,245841.5981,173799.5181
9/30/2023,Q3,2023,LATAM,JM,1194916.036,0.203288237,242912.3742,558698.4607,317469.0482
9/30/2023,Q3,2023,LATAM,MX,33723816.93,0.063976748,2157540.137,4962342.315,2906441.642
9/30/2023,Q3,2023,LATAM,PA,1581022.972,0.055147064,87188.77426,200534.1808,146641.3397
9/30/2023,Q3,2023,LATAM,PE,3750212.121,0.040294955,151114.6305,347563.6501,240897.172
9/30/2023,Q3,2023,LATAM,PY,264939.0061,0.006984005,1850.335338,4255.771278,1840.496307
9/30/2023,Q3,2023,LATAM,TT,189350.0043,0,0,0,0
9/30/2023,Q3,2023,LATAM,UY,811155.0186,0.009517096,7719.840374,17755.63286,7142.808781
9/30/2023,Q3,2023,LATAM,VE,1886496.644,0.045500705,85836.92823,197424.9349,133434.5036
9/30/2023,Q3,2023,UCAN,CA,24986463.18,0.083267449,2080559.041,4785285.794,2309851.259
9/30/2023,Q3,2023,UCAN,US,352576447.8,0.117283408,41351367.27,95108144.72,47129592.3
12/31/2023,Q4,2023,APAC,AU,15946214.24,0.060013976,956995.7243,2201090.166,1230311.878
12/31/2023,Q4,2023,APAC,BD,290097,0,0,0,0
12/31/2023,Q4,2023,APAC,BN,65778,0,0,0,0
12/31/2023,Q4,2023,APAC,HK,2439379,0.048732983,118878.2143,273419.893,148712.7872
12/31/2023,Q4,2023,APAC,ID,1685818,0.028124137,47412.17656,109048.0061,79237.73902
12/31/2023,Q4,2023,APAC,IN,28833249.25,0.030181295,870224.8041,2001517.049,1034273.513
12/31/2023,Q4,2023,APAC,JP,22408929.16,0.022277046,499204.7486,1148170.922,625479.6853
12/31/2023,Q4,2023,APAC,KR,13780794.24,0.023031177,317387.9136,729992.2014,480946.5633
12/31/2023,Q4,2023,APAC,LK,209661,0,0,0,0
12/31/2023,Q4,2023,APAC,MY,1646101,0.028314548,46608.60603,107199.7939,89563.49401
12/31/2023,Q4,2023,APAC,NZ,2325199.019,0.05396406,125477.1789,288597.5114,158115.8646
12/31/2023,Q4,2023,APAC,PH,5768306.016,0.041314809,238316.4637,548127.8665,319261.2822
12/31/2023,Q4,2023,APAC,PK,1857099,0.055539807,103142.9198,237228.7156,130682.1825
12/31/2023,Q4,2023,APAC,SG,1335751.018,0.046921244,62675.09944,144152.7287,77251.92718
12/31/2023,Q4,2023,APAC,TH,3298174,0.027426704,90458.04359,208053.5003,159472.299
12/31/2023,Q4,2023,APAC,TW,3763200.053,0.02952728,111117.0603,255569.2388,174164.0003
12/31/2023,Q4,2023,APAC,VN,3502306,0,0,0,0
12/31/2023,Q4,2023,EMEA,AE,2434433.049,0.044711701,108847.6416,250349.5756,158249.9384
12/31/2023,Q4,2023,EMEA,AL,48846.00165,0.010668867,521.1314815,1198.602407,1055.024952
12/31/2023,Q4,2023,EMEA,AT,2967650.075,0.032774921,97264.49644,223708.3418,108500.2513
12/31/2023,Q4,2023,EMEA,BA,129655.0044,0.015993954,2073.696147,4769.501138,4041.037844
12/31/2023,Q4,2023,EMEA,BE,3620717.106,0.048455653,175444.2125,403521.6887,219189.3969
12/31/2023,Q4,2023,EMEA,BG,269473.0091,0.016171262,4357.718579,10022.75273,7398.588736
12/31/2023,Q4,2023,EMEA,BH,101468.0034,0.006101576,619.1146946,1423.963797,1025.407232
12/31/2023,Q4,2023,EMEA,CH,4604837.116,0.048861362,224998.6143,517496.8128,270058.6287
12/31/2023,Q4,2023,EMEA,CY,244980.0083,0,0,0,0
12/31/2023,Q4,2023,EMEA,CZ,1179268.438,0.045642486,53824.74361,123796.9103,70767.07889
12/31/2023,Q4,2023,EMEA,DE,35711489.44,0.063986694,2285060.141,5255638.324,2568312.258
12/31/2023,Q4,2023,EMEA,DK,3519815.585,0.071768563,252612.1049,581007.8413,296566.8342
12/31/2023,Q4,2023,EMEA,DZ,247956.0084,0.031034469,7695.183019,17698.92094,14739.30196
12/31/2023,Q4,2023,EMEA,EE,239476.0081,0.019537676,4678.804743,10761.25091,9653.957108
12/31/2023,Q4,2023,EMEA,EG,522456.0158,0.019676304,10280.00362,23644.00833,12788.8749
12/31/2023,Q4,2023,EMEA,ES,17338190.04,0.055797289,967423.9933,2225075.184,1310757.839
12/31/2023,Q4,2023,EMEA,FI,3314781.094,0.043949497,145682.9607,335070.8097,172066.8887
12/31/2023,Q4,2023,EMEA,FR,27272784.75,0.072319022,1972341.122,4536384.581,2463445.914
12/31/2023,Q4,2023,EMEA,GB,40768085.61,0.069891928,2849360.085,6553528.196,3363283.757
12/31/2023,Q4,2023,EMEA,GH,136399.0046,0.105795641,14430.42012,33189.96627,30425.84082
12/31/2023,Q4,2023,EMEA,GR,1128561.023,0.061328126,69212.53296,159188.8258,90216.87187
12/31/2023,Q4,2023,EMEA,HR,364335.0123,0.01749967,6375.742337,14664.20737,10010.03545
12/31/2023,Q4,2023,EMEA,HU,911944.2566,0.049251596,44914.71018,103303.8334,61496.503
12/31/2023,Q4,2023,EMEA,IE,1683025.042,0.055468308,93354.55113,214715.4676,116083.6988
12/31/2023,Q4,2023,EMEA,IL,1568251.034,0.090062967,141241.3405,324855.0832,167664.4477
12/31/2023,Q4,2023,EMEA,IQ,121327.0041,0.009678379,1174.248675,2700.771953,1883.504187
12/31/2023,Q4,2023,EMEA,IR,17397.00059,0,0,0,0
12/31/2023,Q4,2023,EMEA,IS,167500.0057,0.009790519,1639.911921,3771.797418,2138.83005
12/31/2023,Q4,2023,EMEA,IT,14042017.52,0.054748845,768784.2353,1768203.741,955926.3165
12/31/2023,Q4,2023,EMEA,JO,205743.0069,0.01268153,2609.136069,6001.01296,4513.353863
12/31/2023,Q4,2023,EMEA,KE,359843.0122,0.121876656,43856.46298,100869.8649,87416.78154
12/31/2023,Q4,2023,EMEA,KW,194718.0066,0.011965852,2329.966767,5358.923563,2047.486905
12/31/2023,Q4,2023,EMEA,LB,166608.0056,0.010453715,1741.672677,4005.847156,2937.595799
12/31/2023,Q4,2023,EMEA,LT,254767.0086,0.026512002,6754.383417,15535.08186,13541.60152
12/31/2023,Q4,2023,EMEA,LU,145597.0049,0,0,0,0
12/31/2023,Q4,2023,EMEA,LV,148781.005,0.019119122,2844.562124,6542.492886,5912.715838
12/31/2023,Q4,2023,EMEA,MA,400653.0135,0.030211078,12104.15927,27839.56632,22484.68725
12/31/2023,Q4,2023,EMEA,MT,224166.0076,0.012805336,2870.520998,6602.198296,5476.974477
12/31/2023,Q4,2023,EMEA,NG,497347.0168,0.090738233,45128.38943,103795.2957,96813.37267
12/31/2023,Q4,2023,EMEA,NL,8837336.452,0.079815571,705357.0574,1622321.232,836530.0317
12/31/2023,Q4,2023,EMEA,NO,7174515.841,0.064814734,465014.3346,1069532.97,609925.1027
12/31/2023,Q4,2023,EMEA,OM,184985.0062,0.005664874,1047.91677,2410.208572,1707.138414
12/31/2023,Q4,2023,EMEA,PL,6137229.746,0.065327109,400927.4757,922133.1942,517729.465
12/31/2023,Q4,2023,EMEA,PT,2476894.369,0.076116972,188533.6992,433627.5082,240073.1663
12/31/2023,Q4,2023,EMEA,QA,307975.0104,0.009457436,2912.654042,6699.104297,4856.721473
12/31/2023,Q4,2023,EMEA,RO,1020392.5,0.058043117,59226.76082,136221.5499,78256.05904
12/31/2023,Q4,2023,EMEA,RS,311696.0105,0.024993857,7790.485419,17918.11646,13075.93243
12/31/2023,Q4,2023,EMEA,SA,1460963.032,0.041138359,60101.62157,138233.7296,88544.51647
12/31/2023,Q4,2023,EMEA,SE,6349438.356,0.069104185,438772.7614,1009177.351,528581.9709
12/31/2023,Q4,2023,EMEA,SI,223537.0076,0.020700907,4627.418763,10643.06315,6407.146372
12/31/2023,Q4,2023,EMEA,SK,421264.0142,0.009862495,4154.714039,9555.842289,7973.461229
12/31/2023,Q4,2023,EMEA,TN,420883.0142,0.02023722,8517.50231,19590.25531,15182.54714
12/31/2023,Q4,2023,EMEA,TR,7625566.21,0.044177344,336877.2605,774817.6992,453141.7575
12/31/2023,Q4,2023,EMEA,UA,673501.0964,5.113271967,3443794.276,7920726.834,4738425.504
12/31/2023,Q4,2023,EMEA,ZA,801701.0154,0.118512361,95011.48037,218526.4048,135036.4591
12/31/2023,Q4,2023,LATAM,AR,16823043.42,0.059329349,998100.2106,2295630.484,1204798.891
12/31/2023,Q4,2023,LATAM,BR,50935142.28,0.076805256,3912086.653,8997799.302,4528383.249
12/31/2023,Q4,2023,LATAM,CL,7000988.794,0.056117093,392875.1362,903612.8133,461519.3155
12/31/2023,Q4,2023,LATAM,CO,11190696.62,0.047358146,529970.6387,1218932.469,571353.1056
12/31/2023,Q4,2023,LATAM,EC,3054353.496,0.023384602,71424.84213,164277.1369,94618.76421
12/31/2023,Q4,2023,LATAM,JM,1374739.061,0.177923894,244598.9265,562577.531,288170.1017
12/31/2023,Q4,2023,LATAM,MX,35877747.69,0.05856697,2101250.96,4832877.207,2620722.276
12/31/2023,Q4,2023,LATAM,PA,1406038.021,0.031894007,44844.18633,103141.6286,59559.53858
12/31/2023,Q4,2023,LATAM,PE,3977267.23,0.025976336,103314.8284,237624.1053,134506.2871
12/31/2023,Q4,2023,LATAM,PY,279199.0121,0.005101049,1424.207724,3275.677764,1529.740994
12/31/2023,Q4,2023,LATAM,TT,202444.0088,0.023278421,4712.576877,10838.92682,6164.094538
12/31/2023,Q4,2023,LATAM,UY,854814.0372,0.00525274,4490.116289,10327.26747,4681.344885
12/31/2023,Q4,2023,LATAM,VE,2028988.013,0.039347797,79836.20809,183623.2786,82468.96524
12/31/2023,Q4,2023,UCAN,CA,25667125.22,0.079693309,2045498.151,4704645.748,2262420.035
12/31/2023,Q4,2023,UCAN,US,357711831.2,0.10271857,36743647.74,84510389.8,38544722.74
3/31/2024,Q1,2024,APAC,AU,15560745.37,0.058835815,915529.1356,2105717.012,1099425.201
3/31/2024,Q1,2024,APAC,BD,298958.0126,0,0,0,0
3/31/2024,Q1,2024,APAC,BN,67787.00285,0,0,0,0
3/31/2024,Q1,2024,APAC,HK,2462268.039,0.049841456,122723.0232,282262.9533,151733.4955
3/31/2024,Q1,2024,APAC,ID,1739396.047,0.02419042,42076.72083,96776.45792,64253.89956
3/31/2024,Q1,2024,APAC,IN,30353827.15,0.031262417,948934.0047,2182548.211,1054064.826
3/31/2024,Q1,2024,APAC,JP,25426842.36,0.025830524,656788.6624,1510613.924,808442.023
3/31/2024,Q1,2024,APAC,KR,14147659.23,0.027175259,384466.3084,884272.5093,507299.4596
3/31/2024,Q1,2024,APAC,LK,216065.0091,0,0,0,0
3/31/2024,Q1,2024,APAC,MY,1795493.07,0.022707216,40770.64932,93772.49343,68568.16216
3/31/2024,Q1,2024,APAC,NZ,2330123.077,0.05299838,123492.7474,284033.3191,146486.8521
3/31/2024,Q1,2024,APAC,PH,6214437.187,0.036323345,225729.1484,519177.0413,281751.2967
3/31/2024,Q1,2024,APAC,PK,1838565.037,0.034359882,63172.87765,145297.6186,72112.08475
3/31/2024,Q1,2024,APAC,SG,1358337.055,0.040388537,54861.24643,126180.8668,66785.5962
3/31/2024,Q1,2024,APAC,TH,3564160.115,0.02478558,88339.77536,203181.4833,136509.4135
3/31/2024,Q1,2024,APAC,TW,3998899.184,0.029975383,119868.5329,275697.6257,151406.703
3/31/2024,Q1,2024,APAC,VN,3813602.161,0,0,0,0
3/31/2024,Q1,2024,EMEA,AE,2536293.967,0.041736923,105857.1072,243471.3465,135497.1768
3/31/2024,Q1,2024,EMEA,AL,50878.99889,0.007143933,363.4761746,835.9952016,649.2949778
3/31/2024,Q1,2024,EMEA,AT,3083422.985,0.035475918,109387.2614,251590.7013,121567.2249
3/31/2024,Q1,2024,EMEA,BA,135048.9971,0.012195329,1646.966905,3788.023882,2879.318405
3/31/2024,Q1,2024,EMEA,BE,3753895.012,0.048668568,182696.6957,420202.4002,214039.8614
3/31/2024,Q1,2024,EMEA,BG,280682.9939,0.013296461,3732.090602,8583.808384,6175.164796
3/31/2024,Q1,2024,EMEA,BH,105689.9977,0.005383069,568.9365289,1308.554016,976.1766841
3/31/2024,Q1,2024,EMEA,CH,4722246.978,0.050218085,237142.2014,545427.0631,283445.4467
3/31/2024,Q1,2024,EMEA,CY,255170.9944,0,0,0,0
3/31/2024,Q1,2024,EMEA,CZ,1002410.986,0.039683801,39779.47787,91492.79911,48194.04257
3/31/2024,Q1,2024,EMEA,DE,36703429.65,0.064532407,2368560.675,5447689.552,2685967.164
3/31/2024,Q1,2024,EMEA,DK,3573074.97,0.07029442,251167.2343,577684.6389,311363.7687
3/31/2024,Q1,2024,EMEA,DZ,258271.9944,0.016212811,4187.314994,9630.824485,7606.6986
3/31/2024,Q1,2024,EMEA,EE,249438.9946,0.01490277,3717.331869,8549.863299,6628.974938
3/31/2024,Q1,2024,EMEA,EG,545276.9894,0.023940275,13054.08127,30024.38692,16030.17864
3/31/2024,Q1,2024,EMEA,ES,17741840.88,0.055395651,982820.8167,2260487.878,1287821.711
3/31/2024,Q1,2024,EMEA,FI,3421938.04,0.053675696,183674.9043,422452.28,227608.7557
3/31/2024,Q1,2024,EMEA,FR,28628137.05,0.073291912,2098210.907,4825885.086,2511219.206
3/31/2024,Q1,2024,EMEA,GB,40694173.83,0.069028125,2809042.508,6460797.768,3310644.967
3/31/2024,Q1,2024,EMEA,GH,142073.9969,0.040192054,5710.245794,13133.56533,11750.84843
3/31/2024,Q1,2024,EMEA,GR,1170502.985,0.056995829,66713.78787,153441.7121,84046.71094
3/31/2024,Q1,2024,EMEA,HR,379491.9917,0.012737872,4833.920557,11118.01728,7389.872524
3/31/2024,Q1,2024,EMEA,HU,946012.212,0.053599599,50705.87504,116623.5126,68319.64703
3/31/2024,Q1,2024,EMEA,IE,1727844.961,0.058980031,101908.3496,234389.204,130065.758
3/31/2024,Q1,2024,EMEA,IL,1627807.977,0.06276021,102161.5697,234971.6104,125683.8574
3/31/2024,Q1,2024,EMEA,IQ,126373.9972,0.006579874,831.5249383,1912.507358,1302.842995
3/31/2024,Q1,2024,EMEA,IR,18120.9996,0,0,0,0
3/31/2024,Q1,2024,EMEA,IS,174468.9962,0.012397189,2162.925034,4974.727577,2655.131186
3/31/2024,Q1,2024,EMEA,IT,14591030.44,0.061805157,901800.9343,2074142.149,1063889.836
3/31/2024,Q1,2024,EMEA,JO,214302.9953,0.008811528,1888.336767,4343.174563,3245.327495
3/31/2024,Q1,2024,EMEA,KE,374812.9918,0.058991877,22110.92186,50855.12028,45066.41991
3/31/2024,Q1,2024,EMEA,KW,202818.9956,0.00625008,1267.634868,2915.560198,1563.841936
3/31/2024,Q1,2024,EMEA,LB,173538.9962,0.008238002,1429.614684,3288.113773,2381.710827
3/31/2024,Q1,2024,EMEA,LT,265365.9942,0.019334345,5130.677608,11800.5585,8785.677368
3/31/2024,Q1,2024,EMEA,LU,151653.9967,0,0,0,0
3/31/2024,Q1,2024,EMEA,LV,154970.9966,0.01892953,2933.528147,6747.114738,5363.293754
3/31/2024,Q1,2024,EMEA,MA,417320.9909,0.019649659,8200.215104,18860.49474,14208.37124
3/31/2024,Q1,2024,EMEA,MT,233490.9949,0.008256039,1927.710722,4433.734662,2444.607415
3/31/2024,Q1,2024,EMEA,NG,518036.9887,0.048857349,25309.91387,58212.80191,53199.38244
3/31/2024,Q1,2024,EMEA,NL,9068953.824,0.075292053,682820.1538,1570486.354,795445.6359
3/31/2024,Q1,2024,EMEA,NO,7296405.663,0.067367054,491537.3525,1130535.911,620102.4087
3/31/2024,Q1,2024,EMEA,OM,192680.9958,0.004911781,946.4069258,2176.735929,1511.864099
3/31/2024,Q1,2024,EMEA,PL,6375597.485,0.063038463,401907.8651,924388.0897,495414.8914
3/31/2024,Q1,2024,EMEA,PT,2555466.379,0.077412625,197825.3617,454998.3319,244788.5473
3/31/2024,Q1,2024,EMEA,QA,320787.993,0.006879533,2206.871716,5075.804947,3156.929277
3/31/2024,Q1,2024,EMEA,RO,1059705.925,0.052438305,55569.18232,127809.1193,66829.35599
3/31/2024,Q1,2024,EMEA,RS,324662.9929,0.015582945,5059.205415,11636.17245,8305.568893
3/31/2024,Q1,2024,EMEA,SA,1517051.979,0.044060754,66842.45456,153737.6455,86926.75719
3/31/2024,Q1,2024,EMEA,SE,6451307.714,0.065439608,422171.0491,970993.413,492973.642
3/31/2024,Q1,2024,EMEA,SI,232836.9949,0.012500506,2910.580341,6694.334785,4313.287019
3/31/2024,Q1,2024,EMEA,SK,438789.9904,0.008303262,3643.388106,8379.792643,6534.419314
3/31/2024,Q1,2024,EMEA,TN,438391.9904,0.013845714,6069.849902,13960.65477,10143.31952
3/31/2024,Q1,2024,EMEA,TR,8012760.038,0.049833971,399307.6511,918407.5974,525010.1666
3/31/2024,Q1,2024,EMEA,UA,697768.8447,0,0,0,0
3/31/2024,Q1,2024,EMEA,ZA,837986.9897,0.110868524,92906.3803,213684.6747,130373.1843
3/31/2024,Q1,2024,LATAM,AR,16954409.55,0.054507462,924141.8318,2125526.213,1267467.375
3/31/2024,Q1,2024,LATAM,BR,52651865.24,0.075966945,3999801.344,9199543.091,4466185.075
3/31/2024,Q1,2024,LATAM,CL,7076390.638,0.048413891,342595.6061,787969.8939,467113.3001
3/31/2024,Q1,2024,LATAM,CO,11379170.65,0.038418451,437170.1074,1005491.247,580922.9379
3/31/2024,Q1,2024,LATAM,EC,3104718.23,0.02158364,67011.11943,154125.5747,84300.97333
3/31/2024,Q1,2024,LATAM,JM,1459451.939,0.181010702,264176.42,607605.7659,302751.1416
3/31/2024,Q1,2024,LATAM,MX,36638398.29,0.058156066,2130745.112,4900713.758,2723212.686
3/31/2024,Q1,2024,LATAM,PA,1424169.021,0.027504109,39170.50063,90092.15144,48182.86854
3/31/2024,Q1,2024,LATAM,PE,4029265.456,0.02356561,94952.09822,218389.8259,120603.2459
3/31/2024,Q1,2024,LATAM,PY,289653.0121,0.00574476,1663.986908,3827.169888,1792.441816
3/31/2024,Q1,2024,LATAM,TT,210857.0088,0.014450309,3046.948991,7007.982679,3477.571739
3/31/2024,Q1,2024,LATAM,UY,886818.0372,0.006090606,5401.258947,12422.89558,7358.376358
3/31/2024,Q1,2024,LATAM,VE,2064741.058,0.026630049,54984.15607,126463.5589,69786.0544
3/31/2024,Q1,2024,UCAN,CA,26924297.75,0.080364862,2163767.462,4976665.163,2394440.103
3/31/2024,Q1,2024,UCAN,US,373207679.4,0.103567162,38652060.28,88899738.64,40587307.21
6/30/2024,Q2,2024,APAC,AU,15627106.11,0.053621658,837951.3356,1927288.072,918990.2069
6/30/2024,Q2,2024,APAC,BD,325061.0065,0,0,0,0
6/30/2024,Q2,2024,APAC,BN,73706.00146,0,0,0,0
6/30/2024,Q2,2024,APAC,HK,2439669.019,0.050336292,122803.8918,282448.9512,126776.4798
6/30/2024,Q2,2024,APAC,ID,1870210.024,0.029034787,54301.14907,124892.6428,77862.22664
6/30/2024,Q2,2024,APAC,IN,32109805.51,0.030493044,979125.7013,2251989.113,1039384.662
6/30/2024,Q2,2024,APAC,JP,26583797.08,0.030480305,810282.2537,1863649.183,899348.2655
6/30/2024,Q2,2024,APAC,KR,11096528.18,0.023541443,261228.2829,600825.0507,344963.6775
6/30/2024,Q2,2024,APAC,LK,234931.0047,0,0,0,0
6/30/2024,Q2,2024,APAC,MY,1839249.034,0.023934274,44021.09117,101248.5097,74339.51458
6/30/2024,Q2,2024,APAC,NZ,2415442.03,0.049109824,118621.933,272830.4459,128213.876
6/30/2024,Q2,2024,APAC,PH,6357531.083,0.034375892,218545.8008,502655.3418,271060.7476
6/30/2024,Q2,2024,APAC,PK,1953751.019,0.031624045,61785.51047,142106.6741,70330.98793
6/30/2024,Q2,2024,APAC,SG,1430853.019,0.044878705,64214.83025,147694.1096,69164.57695
6/30/2024,Q2,2024,APAC,TH,3657759.055,0.024839989,90858.69567,208975,124200.3225
6/30/2024,Q2,2024,APAC,TW,4122600.064,0.035736665,147327.9778,338854.349,179806.4135
6/30/2024,Q2,2024,APAC,VN,3913474.078,0,0,0,0
6/30/2024,Q2,2024,EMEA,AE,2543563.984,0.049732339,126497.3868,290943.9896,154038.7481
6/30/2024,Q2,2024,EMEA,AL,52148.99945,0.02991727,1560.155677,3588.358056,3035.402828
6/30/2024,Q2,2024,EMEA,AT,3095647.982,0.038865303,120313.2978,276720.5849,124019.53
6/30/2024,Q2,2024,EMEA,BA,138421.9985,0.023607102,3267.74226,7515.807199,5465.170409
6/30/2024,Q2,2024,EMEA,BE,3790695.988,0.048214642,182767.0501,420364.2153,208292.894
6/30/2024,Q2,2024,EMEA,BG,287693.9969,0.018650353,5365.594583,12340.86754,8311.334002
6/30/2024,Q2,2024,EMEA,BH,108329.9988,0.019464429,2108.581556,4849.737579,2468.162663
6/30/2024,Q2,2024,EMEA,CH,4707994.974,0.051161076,240866.0898,553992.0065,269743.8111
6/30/2024,Q2,2024,EMEA,CY,261543.9972,0,0,0,0
6/30/2024,Q2,2024,EMEA,CZ,1030450.993,0.039990328,41208.07345,94778.56893,46817.81265
6/30/2024,Q2,2024,EMEA,DE,36980924.5,0.05811764,2149244.052,4943261.32,2276553.651
6/30/2024,Q2,2024,EMEA,DK,3648574.674,0.069981168,255331.5155,587262.4856,262607.0086
6/30/2024,Q2,2024,EMEA,DZ,264721.9972,0.025363154,6714.184896,15442.62526,11880.42207
6/30/2024,Q2,2024,EMEA,EE,255667.9973,0.02737272,6998.328621,16096.15583,13355.47122
6/30/2024,Q2,2024,EMEA,EG,556695.9947,0.026713506,14871.30153,34203.99351,17939.93395
6/30/2024,Q2,2024,EMEA,ES,18250920.88,0.05893205,1075564.189,2473797.634,1298550.355
6/30/2024,Q2,2024,EMEA,FI,3531750.424,0.063651194,224800.1313,517040.3021,250260.0021
6/30/2024,Q2,2024,EMEA,FR,28766959.88,0.069088432,1987464.145,4571167.533,2314959.594
6/30/2024,Q2,2024,EMEA,GB,41135977.3,0.064377495,2648231.176,6090931.704,2935844.416
6/30/2024,Q2,2024,EMEA,GH,145622.9985,0.036592685,5328.736561,12256.09409,11115.49328
6/30/2024,Q2,2024,EMEA,GR,1187989.992,0.054491223,64735.02765,148890.5636,76254.62178
6/30/2024,Q2,2024,EMEA,HR,388970.9959,0.020669301,8039.758605,18491.44479,10469.78154
6/30/2024,Q2,2024,EMEA,HU,905390.1015,0.044711039,40480.93171,93106.14293,47204.78396
6/30/2024,Q2,2024,EMEA,IE,1714355.981,0.063622707,109071.9677,250865.5258,125301.4219
6/30/2024,Q2,2024,EMEA,IL,1683585.989,0.062770285,105679.172,243062.0957,123391.0957
6/30/2024,Q2,2024,EMEA,IQ,129530.9986,0.007871901,1019.65523,2345.207029,1455.813233
6/30/2024,Q2,2024,EMEA,IR,18573.9998,0,0,0,0
6/30/2024,Q2,2024,EMEA,IS,178825.9981,0.017894453,3199.993425,7359.984876,5229.969033
6/30/2024,Q2,2024,EMEA,IT,14759313.05,0.062311316,919672.2261,2115246.12,1069391.652
6/30/2024,Q2,2024,EMEA,JO,219654.9977,0.010123757,2223.73375,5114.587624,3407.780127
6/30/2024,Q2,2024,EMEA,KE,384173.9959,0.04252523,16337.08744,37575.30111,33040.44462
6/30/2024,Q2,2024,EMEA,KW,207883.9978,0.011027157,2292.369537,5272.449934,2860.778524
6/30/2024,Q2,2024,EMEA,LB,177873.9981,0.012105839,2153.313974,4952.622139,3457.849533
6/30/2024,Q2,2024,EMEA,LT,271992.9971,0.027866104,7579.385054,17432.58562,14149.74828
6/30/2024,Q2,2024,EMEA,LU,155440.9983,0,0,0,0
6/30/2024,Q2,2024,EMEA,LV,158840.9983,0.033801621,5369.083266,12348.89151,10822.08409
6/30/2024,Q2,2024,EMEA,MA,427743.9954,0.02455647,10503.88267,24158.93015,17367.91047
6/30/2024,Q2,2024,EMEA,MT,239322.9975,0.013999289,3350.351778,7705.80909,3233.281103
6/30/2024,Q2,2024,EMEA,NG,530974.9943,0.039142862,20783.88091,47802.9261,43414.08361
6/30/2024,Q2,2024,EMEA,NL,9275228.384,0.068366856,634118.2053,1458471.872,698060.657
6/30/2024,Q2,2024,EMEA,NO,7467338.985,0.066084136,493472.6441,1134987.081,563766.1686
6/30/2024,Q2,2024,EMEA,OM,197491.9979,0.012658606,2499.973331,5749.938662,4744.463614
6/30/2024,Q2,2024,EMEA,PL,6605888.718,0.059286337,391638.9451,900769.5738,443032.8592
6/30/2024,Q2,2024,EMEA,PT,2502983.212,0.073773064,184652.74,424701.3019,209211.2719
6/30/2024,Q2,2024,EMEA,QA,328799.9965,0.018376357,6042.146266,13896.93641,10295.32484
6/30/2024,Q2,2024,EMEA,RO,1148841.265,0.05332377,61260.54769,140899.2597,69000.92862
6/30/2024,Q2,2024,EMEA,RS,332771.9965,0.020136221,6700.77033,15411.77176,8645.340523
6/30/2024,Q2,2024,EMEA,SA,1517387.99,0.049107956,74515.82208,171386.3908,101859.1495
6/30/2024,Q2,2024,EMEA,SE,6638817.705,0.064138812,425805.8798,979353.5236,460177.8907
6/30/2024,Q2,2024,EMEA,SI,238651.9975,0.018659062,4453.022511,10241.95178,5601.620571
6/30/2024,Q2,2024,EMEA,SK,449749.9952,0.013165149,5921.025773,13618.35928,8385.193367
6/30/2024,Q2,2024,EMEA,TN,449340.9952,0.017944745,8063.309549,18545.61196,12493.33041
6/30/2024,Q2,2024,EMEA,TR,8219195.98,0.053011973,435715.7959,1002146.331,504881.5248
6/30/2024,Q2,2024,EMEA,UA,735570.5671,0,0,0,0
6/30/2024,Q2,2024,EMEA,ZA,860545.9948,0.101930543,87715.92051,201746.6172,118117.0544
6/30/2024,Q2,2024,LATAM,AR,17388312.52,0.056650789,985061.617,2265641.719,1172663.89
6/30/2024,Q2,2024,LATAM,BR,54140592.66,0.07483596,4051663.235,9318825.44,4245076.521
6/30/2024,Q2,2024,LATAM,CL,7462242.47,0.059264819,442248.4466,1017171.427,541060.9635
6/30/2024,Q2,2024,LATAM,CO,12217264.17,0.046024312,562291.1834,1293269.722,649292.0081
6/30/2024,Q2,2024,LATAM,EC,3231836.838,0.025848147,83536.99236,192135.0824,89294.14434
6/30/2024,Q2,2024,LATAM,JM,1521057.966,0.247758618,376855.2192,866767.0041,480804.64
6/30/2024,Q2,2024,LATAM,MX,37878110.12,0.056957473,2157441.421,4962115.269,2449626.747
6/30/2024,Q2,2024,LATAM,PA,1621168.134,0.0609294,98776.80091,227186.6421,120002.4
6/30/2024,Q2,2024,LATAM,PE,4279011.662,0.029058049,124339.7286,285981.3758,130690.9009
6/30/2024,Q2,2024,LATAM,PY,299122.0061,0.006066166,1814.523624,4173.404335,2941.180104
6/30/2024,Q2,2024,LATAM,TT,216140.0044,0.027475749,5938.608536,13658.79963,9309.092464
6/30/2024,Q2,2024,LATAM,UY,1040177.994,0.014807219,15402.14317,35424.92929,19470.61077
6/30/2024,Q2,2024,LATAM,VE,2068414.927,0.031206082,64547.12569,148458.3891,72950.62186
6/30/2024,Q2,2024,UCAN,CA,27101399.01,0.071105031,1927045.823,4432205.393,2031829.406
6/30/2024,Q2,2024,UCAN,US,377349292,0.098028203,36990872.85,85079007.54,35944384.53
9/30/2024,Q3,2024,APAC,AU,15951782.04,0.052300768,834290.4591,1918868.056,934716.2159
9/30/2024,Q3,2024,APAC,BD,339791.9935,0,0,0,0
9/30/2024,Q3,2024,APAC,BN,77045.99854,0,0,0,0
9/30/2024,Q3,2024,APAC,HK,2505307.981,0.046694212,116983.381,269061.7764,132905.4064
9/30/2024,Q3,2024,APAC,ID,1947648.976,0.026375587,51370.38452,118151.8844,68341.75313
9/30/2024,Q3,2024,APAC,IN,32701467.55,0.031021801,1014458.414,2333254.353,1111984.349
9/30/2024,Q3,2024,APAC,JP,27091205.05,0.023395341,633807.9752,1457758.343,796762.1237
9/30/2024,Q3,2024,APAC,KR,11503645.92,0.019798317,227752.8318,523831.5132,306572.3155
9/30/2024,Q3,2024,APAC,LK,245577.9953,0,0,0,0
9/30/2024,Q3,2024,APAC,MY,1919708.966,0.025356634,48677.35841,111957.9243,70551.22967
9/30/2024,Q3,2024,APAC,NZ,2466715.994,0.048644237,119991.517,275980.4891,139812.2214
9/30/2024,Q3,2024,APAC,PH,6546607.937,0.033024528,216198.639,497256.8697,261310.9235
9/30/2024,Q3,2024,APAC,PK,2017056.981,0.09034964,182240.3726,419152.8569,211597.8437
9/30/2024,Q3,2024,APAC,SG,1459911.004,0.044945455,65616.36379,150917.6367,75644.32452
9/30/2024,Q3,2024,APAC,TH,3819030.945,0.02400297,91668.08361,210836.5923,116880.8795
9/30/2024,Q3,2024,APAC,TW,4252929.006,0.025163377,107018.0577,246141.5327,142717.3351
9/30/2024,Q3,2024,APAC,VN,4090824.922,0,0,0,0
9/30/2024,Q3,2024,EMEA,AE,2566381.952,0.04609247,118290.8838,272069.0329,151119.31
9/30/2024,Q3,2024,EMEA,AL,53350.99834,0.034699126,1851.232988,4257.835873,3051.92677
9/30/2024,Q3,2024,EMEA,AT,3109589.982,0.040654638,126419.2541,290764.2844,148459.6042
9/30/2024,Q3,2024,EMEA,BA,141611.9956,0.082800794,11725.58565,26968.847,15759.44404
9/30/2024,Q3,2024,EMEA,BE,3843420.961,0.050838028,195391.944,449401.4712,244089.3951
9/30/2024,Q3,2024,EMEA,BG,294322.9908,0.015312808,4506.911433,10365.8963,6768.811962
9/30/2024,Q3,2024,EMEA,BH,110825.9965,0.046780819,5184.530887,11924.42104,5971.91248
9/30/2024,Q3,2024,EMEA,CH,4702333.971,0.052824378,248397.8685,571315.0976,271829.6902
9/30/2024,Q3,2024,EMEA,CY,267570.9916,0,0,0,0
9/30/2024,Q3,2024,EMEA,CZ,1052394.98,0.030977412,32600.4727,74981.08722,39429.4179
9/30/2024,Q3,2024,EMEA,DE,37329872.29,0.059441774,2218953.832,5103593.815,2486053.338
9/30/2024,Q3,2024,EMEA,DK,3668122.585,0.062114586,227843.9153,524041.0053,234251.3797
9/30/2024,Q3,2024,EMEA,DZ,270820.9915,0.066434017,17991.72646,41380.97086,27751.5306
9/30/2024,Q3,2024,EMEA,EE,261558.9918,0.031774162,8310.817706,19114.88072,14484.01647
9/30/2024,Q3,2024,EMEA,EG,570269.984,0.025840551,14736.09072,33893.00865,16335.32037
9/30/2024,Q3,2024,EMEA,ES,18711983.16,0.060622217,1134361.911,2609032.395,1414686.592
9/30/2024,Q3,2024,EMEA,FI,3668347.622,0.059171754,217062.5637,499243.8965,240491.7733
9/30/2024,Q3,2024,EMEA,FR,31629306.13,0.07508465,2374875.382,5462213.379,2936666.047
9/30/2024,Q3,2024,EMEA,GB,41964074.76,0.064305991,2698541.408,6206645.238,3092862.254
9/30/2024,Q3,2024,EMEA,GH,148977.9954,0.105175558,15668.84379,36038.34072,32349.97957
9/30/2024,Q3,2024,EMEA,GR,1185094.977,0.052762464,62528.5314,143815.6222,71307.15727
9/30/2024,Q3,2024,EMEA,HR,397933.9876,0.018630121,7413.558303,17051.1841,6754.154309
9/30/2024,Q3,2024,EMEA,HU,859050.9807,0.040829038,35074.22493,80670.71733,38674.00561
9/30/2024,Q3,2024,EMEA,IE,1748739.982,0.060588903,105954.2374,243694.746,133313.4377
9/30/2024,Q3,2024,EMEA,IL,1714390.966,0.190468727,326537.8656,751037.091,417032.1449
9/30/2024,Q3,2024,EMEA,IQ,132514.9959,0.021731153,2879.703585,6623.318245,3448.329463
9/30/2024,Q3,2024,EMEA,IR,19000.99941,0,0,0,0
9/30/2024,Q3,2024,EMEA,IS,182946.9943,0.01566108,2865.14752,6589.839297,3577.841591
9/30/2024,Q3,2024,EMEA,IT,15004987.6,0.05823973,873886.4266,2009938.781,1044425.313
9/30/2024,Q3,2024,EMEA,JO,224716.993,0.049253253,11068.04298,25456.49885,7936.927991
9/30/2024,Q3,2024,EMEA,KE,393025.9877,0.163129215,64114.02097,147462.2482,127759.7054
9/30/2024,Q3,2024,EMEA,KW,212673.9934,0.026609208,5659.08659,13015.89916,5651.918504
9/30/2024,Q3,2024,EMEA,LB,181972.9943,0.018716474,3405.892901,7833.553673,4995.627923
9/30/2024,Q3,2024,EMEA,LT,278260.9913,0.030388565,8455.952256,19448.69019,13178.86165
9/30/2024,Q3,2024,EMEA,LU,159022.995,0,0,0,0
9/30/2024,Q3,2024,EMEA,LV,162501.9949,0.035207663,5721.315542,13159.02575,10821.38356
9/30/2024,Q3,2024,EMEA,MA,437599.9863,0.067679207,29616.42014,68117.76631,46429.89881
9/30/2024,Q3,2024,EMEA,MT,244837.9924,0.056376471,13803.10193,31747.13443,12284.8766
9/30/2024,Q3,2024,EMEA,NG,543209.983,0.127812364,69428.95229,159686.5903,142788.2469
9/30/2024,Q3,2024,EMEA,NL,9494840.561,0.067654312,642366.9084,1477443.889,693300.8998
9/30/2024,Q3,2024,EMEA,NO,7665711.801,0.064193017,492085.1668,1131795.884,571066.6141
9/30/2024,Q3,2024,EMEA,OM,202042.9937,0.036946145,7464.709804,17168.83255,10258.36021
9/30/2024,Q3,2024,EMEA,PL,6882180.907,0.058258099,400942.7735,922168.379,479057.8703
9/30/2024,Q3,2024,EMEA,PT,2470832.126,0.065641419,162188.9264,373034.5308,188669.8958
9/30/2024,Q3,2024,EMEA,QA,336375.9895,0.058089928,19540.05713,44942.13139,27420.38189
9/30/2024,Q3,2024,EMEA,RO,1245132.254,0.049060817,61087.20572,140500.5731,71323.88693
9/30/2024,Q3,2024,EMEA,RS,340439.9894,0.05891882,20058.32237,46134.14146,22857.7212
9/30/2024,Q3,2024,EMEA,SA,1559969.969,0.047020306,73350.26525,168705.6101,97908.24673
9/30/2024,Q3,2024,EMEA,SE,6849745.435,0.064911134,444624.7469,1022636.918,499679.7772
9/30/2024,Q3,2024,EMEA,SI,244150.9924,0.049349778,12048.79717,27712.23349,14288.35974
9/30/2024,Q3,2024,EMEA,SK,460112.9856,0.013242199,6092.907535,14013.68733,5163.900641
9/30/2024,Q3,2024,EMEA,TN,459694.9857,0.036371015,16719.57326,38455.0185,21389.51188
9/30/2024,Q3,2024,EMEA,TR,8535062.935,0.045548323,388757.803,894142.9469,496972.1452
9/30/2024,Q3,2024,EMEA,UA,773530.7654,0,0,0,0
9/30/2024,Q3,2024,EMEA,ZA,884859.9845,0.103797924,91846.62901,211247.2467,124134.3782
9/30/2024,Q3,2024,LATAM,AR,18535044.5,0.054777279,1015299.312,2335188.417,1219653.208
9/30/2024,Q3,2024,LATAM,BR,56283748.25,0.077540163,4364251.007,10037777.32,4572608.508
9/30/2024,Q3,2024,LATAM,CL,8026659.724,0.048292063,387623.9574,891535.1021,476541.0143
9/30/2024,Q3,2024,LATAM,CO,12827018.61,0.051390023,659180.7842,1516115.804,808868.043
9/30/2024,Q3,2024,LATAM,EC,3332505.464,0.026174357,87226.18764,200620.2316,105032.7134
9/30/2024,Q3,2024,LATAM,JM,1737900.017,0.29462008,512020.2413,1177646.555,705908.1139
9/30/2024,Q3,2024,LATAM,MX,39890326.89,0.057788719,2305210.879,5301985.022,2698525.887
9/30/2024,Q3,2024,LATAM,PA,1449334.989,0.049403047,71601.56411,164683.5974,78539.38645
9/30/2024,Q3,2024,LATAM,PE,4388993.038,0.030014582,131733.7932,302987.7243,157017.2335
9/30/2024,Q3,2024,LATAM,PY,298676.9939,0.009802335,2927.731868,6733.783297,5229.510621
9/30/2024,Q3,2024,LATAM,TT,221101.9955,0.056418884,12474.32794,28690.95427,18414.42334
9/30/2024,Q3,2024,LATAM,UY,886038.982,0.009053596,8021.838601,18450.22878,12181.93752
9/30/2024,Q3,2024,LATAM,VE,2366351.925,0.038900908,92053.23963,211722.4512,109467.6068
9/30/2024,Q3,2024,UCAN,CA,27765016.98,0.066031847,1833375.366,4216763.341,2007279.12
9/30/2024,Q3,2024,UCAN,US,384528062.5,0.103382809,39753591.21,91433259.78,39884098.97
12/31/2024,Q4,2024,APAC,AU,16938520.56,0.047378149,802515.747,1845786.218,906214.6501
12/31/2024,Q4,2024,APAC,BD,371690.0129,0,0,0,0
12/31/2024,Q4,2024,APAC,BN,84278.00293,0,0,0,0
12/31/2024,Q4,2024,APAC,HK,2642214.038,0.046660322,123286.5573,283559.0818,128066.0045
12/31/2024,Q4,2024,APAC,ID,3171604.017,0.028137601,89241.32865,205255.0559,108206.4431
12/31/2024,Q4,2024,APAC,IN,33357330.23,0.029679583,990031.6651,2277072.83,1098037.502
12/31/2024,Q4,2024,APAC,JP,29042773.09,0.024484428,711095.6722,1635520.046,850430.7665
12/31/2024,Q4,2024,APAC,KR,12403218.26,0.016513361,204818.8255,471083.2987,283651.4562
12/31/2024,Q4,2024,APAC,LK,268631.0093,0,0,0,0
12/31/2024,Q4,2024,APAC,MY,2475450.056,0.023507114,58190.68676,133838.5795,76046.29683
12/31/2024,Q4,2024,APAC,NZ,2608954.035,0.044011255,114823.3403,264093.6826,135793.2904
12/31/2024,Q4,2024,APAC,PH,6623639.156,0.027566797,182592.5193,419962.7943,219179.0083
12/31/2024,Q4,2024,APAC,PK,2192300.038,0,0,0,0
12/31/2024,Q4,2024,APAC,SG,1540882.014,0.042130628,64918.32717,149312.1525,74579.87289
12/31/2024,Q4,2024,APAC,TH,4638006.094,0.02215384,102749.6449,236324.1833,132404.7351
12/31/2024,Q4,2024,APAC,TW,4507029.057,0.021885693,98639.45589,226870.7486,126586.8494
12/31/2024,Q4,2024,APAC,VN,4474846.156,0,0,0,0
12/31/2024,Q4,2024,EMEA,AE,2647479.952,0.037056464,98106.24458,225644.3625,117055.1599
12/31/2024,Q4,2024,EMEA,AL,56123.99834,0,0,0,0
12/31/2024,Q4,2024,EMEA,AT,3355835.4,0.043827387,147077.4981,338278.2456,157791.5556
12/31/2024,Q4,2024,EMEA,BA,148974.9956,0,0,0,0
12/31/2024,Q4,2024,EMEA,BE,4007688.904,0.050039251,200541.7511,461246.0274,255481.4503
12/31/2024,Q4,2024,EMEA,BG,309625.9908,0.015649418,4845.466526,11144.57301,7569.324642
12/31/2024,Q4,2024,EMEA,BH,116587.9965,0,0,0,0
12/31/2024,Q4,2024,EMEA,CH,4882890.879,0.048414633,236403.3677,543727.7457,271385.6511
12/31/2024,Q4,2024,EMEA,CY,281483.9917,0,0,0,0
12/31/2024,Q4,2024,EMEA,CZ,1074321.98,0.03221159,34605.61928,79592.92434,42932.51802
12/31/2024,Q4,2024,EMEA,DE,38531885.99,0.057966669,2233565.084,5137199.693,2545105.548
12/31/2024,Q4,2024,EMEA,DK,3641554.922,0.056137815,204428.9355,470186.5517,208654.2426
12/31/2024,Q4,2024,EMEA,DZ,284902.9915,0,0,0,0
12/31/2024,Q4,2024,EMEA,EE,275159.9918,0.0250863,6902.746059,15876.31594,11490.31638
12/31/2024,Q4,2024,EMEA,EG,596789.984,0.022778599,13594.03976,31266.29144,14588.46021
12/31/2024,Q4,2024,EMEA,ES,18769872.62,0.052987626,994570.9983,2287513.296,1243873.302
12/31/2024,Q4,2024,EMEA,FI,3700491.916,0.052997903,196118.3115,451072.1165,208330.9283
12/31/2024,Q4,2024,EMEA,FR,33048491.75,0.070602041,2333290.974,5366569.24,2867312.765
12/31/2024,Q4,2024,EMEA,GB,43810936.43,0.059511536,2607256.125,5996689.087,3011023.266
12/31/2024,Q4,2024,EMEA,GH,156724.9954,0,0,0,0
12/31/2024,Q4,2024,EMEA,GR,1221836.977,0.048747533,59561.53804,136991.5375,68580.89725
12/31/2024,Q4,2024,EMEA,HR,418624.9876,0.019886178,8324.851143,19147.15763,10835.88806
12/31/2024,Q4,2024,EMEA,HU,891853.9748,0.038842588,34641.91656,79676.40808,40192.05412
12/31/2024,Q4,2024,EMEA,IE,1859917.557,0.054645305,101635.7614,233762.2513,124230.3748
12/31/2024,Q4,2024,EMEA,IL,1784011.966,0,0,0,0
12/31/2024,Q4,2024,EMEA,IQ,139405.9959,0,0,0,0
12/31/2024,Q4,2024,EMEA,IR,19988.99941,0,0,0,0
12/31/2024,Q4,2024,EMEA,IS,192459.9943,0.01367306,2631.517048,6052.48921,3262.78856
12/31/2024,Q4,2024,EMEA,IT,15405887.45,0.052317472,805997.091,1853793.309,962766.4657
12/31/2024,Q4,2024,EMEA,JO,236401.993,0,0,0,0
12/31/2024,Q4,2024,EMEA,KE,413460.9877,0,0,0,0
12/31/2024,Q4,2024,EMEA,KW,223731.9934,0,0,0,0
12/31/2024,Q4,2024,EMEA,LB,191434.9943,0,0,0,0
12/31/2024,Q4,2024,EMEA,LT,292728.9913,0.02406331,7044.02842,16201.26537,11169.02867
12/31/2024,Q4,2024,EMEA,LU,167290.995,0,0,0,0
12/31/2024,Q4,2024,EMEA,LV,170950.9949,0.027162486,4643.454014,10679.94423,8941.476458
12/31/2024,Q4,2024,EMEA,MA,460353.9863,0,0,0,0
12/31/2024,Q4,2024,EMEA,MT,257568.9924,0,0,0,0
12/31/2024,Q4,2024,EMEA,NG,571454.983,0,0,0,0
12/31/2024,Q4,2024,EMEA,NL,9589454.831,0.062018588,594724.4526,1367866.241,653345.6073
12/31/2024,Q4,2024,EMEA,NO,7819788.833,0.060301905,471548.1668,1084560.784,527874.5608
12/31/2024,Q4,2024,EMEA,OM,212547.9937,0,0,0,0
12/31/2024,Q4,2024,EMEA,PL,7078547.84,0.051717469,366084.5804,841994.535,439811.8869
12/31/2024,Q4,2024,EMEA,PT,2178408.959,0.053986182,117603.9824,270489.1595,137058.8522
12/31/2024,Q4,2024,EMEA,QA,353866.9895,0,0,0,0
12/31/2024,Q4,2024,EMEA,RO,1272070.96,0.046030847,58554.5041,134675.3594,71609.53843
12/31/2024,Q4,2024,EMEA,RS,358140.9894,0,0,0,0
12/31/2024,Q4,2024,EMEA,SA,1629439.969,0.0423313,68976.31229,158645.5183,87842.21339
12/31/2024,Q4,2024,EMEA,SE,6917701.849,0.06112627,422853.3128,972562.6195,470569.989
12/31/2024,Q4,2024,EMEA,SI,256845.9924,0,0,0,0
12/31/2024,Q4,2024,EMEA,SK,484037.9856,0.018223662,8820.944531,20288.17242,13218.76475
12/31/2024,Q4,2024,EMEA,TN,483596.9857,0,0,0,0
12/31/2024,Q4,2024,EMEA,TR,8985303.812,0.050348522,452396.7629,1040512.555,543680.4753
12/31/2024,Q4,2024,EMEA,UA,767953.9761,0,0,0,0
12/31/2024,Q4,2024,EMEA,ZA,919750.9845,0.094327801,86758.08749,199543.6012,115929.0269
12/31/2024,Q4,2024,LATAM,AR,19385941.96,0.051247968,993490.1332,2285027.306,1199171.631
12/31/2024,Q4,2024,LATAM,BR,57811384.71,0.073327442,4239160.985,9750070.266,4576042.911
12/31/2024,Q4,2024,LATAM,CL,8365965.982,0.043786306,366314.749,842523.9228,449656.2368
12/31/2024,Q4,2024,LATAM,CO,13281747.24,0.045059322,598466.5323,1376473.024,726785.6207
12/31/2024,Q4,2024,LATAM,EC,3428406.477,0.022663005,77697.99266,178705.3831,100041.3244
12/31/2024,Q4,2024,LATAM,JM,1929557.328,0.24759259,477744.097,1098811.423,616302.288
12/31/2024,Q4,2024,LATAM,MX,41618362.87,0.052309152,2177021.283,5007148.951,2630104.102
12/31/2024,Q4,2024,LATAM,PA,1715928.182,0.049286698,84572.43454,194516.5994,101260.1155
12/31/2024,Q4,2024,LATAM,PE,4609641.582,0.032681636,150650.6281,346496.4446,173193.9664
12/31/2024,Q4,2024,LATAM,PY,323893.0061,0.002856372,925.1587896,2127.865216,1348.365241
12/31/2024,Q4,2024,LATAM,TT,232638.0044,0,0,0,0
12/31/2024,Q4,2024,LATAM,UY,960842.018,0.006022482,5786.65373,13309.30358,7956.940279
12/31/2024,Q4,2024,LATAM,VE,2462710.333,0.034345685,84583.47392,194541.99,99567.63384
12/31/2024,Q4,2024,UCAN,CA,28472694.3,0.063865778,1818430.775,4182390.782,2042326.415
12/31/2024,Q4,2024,UCAN,US,397437247.8,0.098940411,39322604.71,90441990.83,39382610.94
3/31/2025,Q1,2025,APAC,AU,17107979.99,0.051065344,873624.8811,2009337.226,993552.3033
3/31/2025,Q1,2025,APAC,BD,420368.0462,0,0,0,0
3/31/2025,Q1,2025,APAC,BN,95315.39239,0,0,0,0
3/31/2025,Q1,2025,APAC,HK,3064732.173,0.054125494,165880.1424,381524.3275,177796.9254
3/31/2025,Q1,2025,APAC,ID,3706171.602,0.030934778,114649.5965,263694.0719,135171.9748
3/31/2025,Q1,2025,APAC,IN,34413104.82,0.032115331,1105188.267,2541933.014,1219568.108
3/31/2025,Q1,2025,APAC,JP,29280388.9,0.025113398,735330.0478,1691259.11,802816.4916
3/31/2025,Q1,2025,APAC,KR,12526891.48,0.016945506,212274.5117,488231.377,272519.7022
3/31/2025,Q1,2025,APAC,LK,303812.0171,0,0,0,0
3/31/2025,Q1,2025,APAC,MY,3130734.562,0.02905272,90956.35515,209199.6168,106591.5539
3/31/2025,Q1,2025,APAC,NZ,2664673.027,0.050086708,133464.7008,306968.8117,158679.934
3/31/2025,Q1,2025,APAC,PH,7865635.732,0.032637371,256713.6732,590441.4484,296512.4158
3/31/2025,Q1,2025,APAC,PK,1237645.681,0,0,0,0
3/31/2025,Q1,2025,APAC,SG,1532713.447,0.043389527,66503.71114,152958.5356,75324.33822
3/31/2025,Q1,2025,APAC,TH,5636513.845,0.030720541,173156.754,398260.5341,215753.392
3/31/2025,Q1,2025,APAC,TW,5203355.797,0.023150964,120462.705,277064.2216,142044.189
3/31/2025,Q1,2025,APAC,VN,5060890.178,0,0,0,0
3/31/2025,Q1,2025,EMEA,AE,2651382.753,0.037403754,99171.66851,228094.8376,113709.869
3/31/2025,Q1,2025,EMEA,AL,57654.06447,0,0,0,0
3/31/2025,Q1,2025,EMEA,AT,3367217.91,0.048759531,164183.9654,377623.1203,195095.4045
3/31/2025,Q1,2025,EMEA,BA,153036.3883,0,0,0,0
3/31/2025,Q1,2025,EMEA,BE,4572546.707,0.05569605,254672.791,585747.4193,306347.589
3/31/2025,Q1,2025,EMEA,BG,318492.6634,0.017200178,5478.130375,12599.69986,9256.726013
3/31/2025,Q1,2025,EMEA,BH,118993.2321,0.015711392,1869.549326,4299.96345,2545.061382
3/31/2025,Q1,2025,EMEA,CH,4764599.051,0.049384104,235295.454,541179.5442,261985.5403
3/31/2025,Q1,2025,EMEA,CY,289157.8769,0,0,0,0
3/31/2025,Q1,2025,EMEA,CZ,1134728.637,0.031765205,36044.88725,82903.24067,47363.49684
3/31/2025,Q1,2025,EMEA,DE,38486763.89,0.059192603,2278131.739,5239703,2624569.079
3/31/2025,Q1,2025,EMEA,DK,3752435.846,0.06727823,252457.2422,580651.6572,264624.8097
3/31/2025,Q1,2025,EMEA,DZ,283672.7399,0.020072413,5693.996329,13096.19156,9020.483871
3/31/2025,Q1,2025,EMEA,EE,279295.0302,0.019518531,5451.428601,12538.28578,7786.130498
3/31/2025,Q1,2025,EMEA,EG,636544.322,0.020979132,13354.14749,30714.53922,17043.95157
3/31/2025,Q1,2025,EMEA,ES,19457550.19,0.055060322,1071338.982,2464079.659,1324425.014
3/31/2025,Q1,2025,EMEA,FI,3792766.219,0.055995582,212378.151,488469.7473,222669.4044
3/31/2025,Q1,2025,EMEA,FR,33492222.48,0.073192221,2451370.139,5638151.32,2925809.216
3/31/2025,Q1,2025,EMEA,GB,44250316.1,0.064998561,2876206.868,6615275.797,3225310.44
3/31/2025,Q1,2025,EMEA,GH,160997.6704,0,0,0,0
3/31/2025,Q1,2025,EMEA,GR,1232648.815,0.048754684,60097.40378,138224.0287,73095.60403
3/31/2025,Q1,2025,EMEA,HR,427875.9674,0.019225481,8226.121345,18920.07909,13720.43093
3/31/2025,Q1,2025,EMEA,HU,970903.1899,0.043030322,41778.27667,96090.03634,50319.20387
3/31/2025,Q1,2025,EMEA,IE,1921420.925,0.060072175,115423.9344,265475.0492,138959.466
3/31/2025,Q1,2025,EMEA,IL,1193376.677,0,0,0,0
3/31/2025,Q1,2025,EMEA,IQ,142549.5623,0.005463743,778.8541195,1791.364475,1177.565849
3/31/2025,Q1,2025,EMEA,IR,20533.94439,0,0,0,0
3/31/2025,Q1,2025,EMEA,IS,205720.6929,0.015512917,3191.328011,7340.054425,4627.289127
3/31/2025,Q1,2025,EMEA,IT,15575059.84,0.053287164,829950.7681,1908886.767,991662.7316
3/31/2025,Q1,2025,EMEA,JO,257015.6633,0.004220045,1084.617783,2494.620902,1830.361328
3/31/2025,Q1,2025,EMEA,KE,424732.862,0,0,0,0
3/31/2025,Q1,2025,EMEA,KW,227442.6224,0.005388556,1225.587389,2818.850995,1703.012357
3/31/2025,Q1,2025,EMEA,LB,198747.5807,0.007085844,1408.29433,3239.076959,2254.662888
3/31/2025,Q1,2025,EMEA,LT,307173.4612,0.019101741,5867.547792,13495.35992,10409.67286
3/31/2025,Q1,2025,EMEA,LU,171851.723,0,0,0,0
3/31/2025,Q1,2025,EMEA,LV,168366.5692,0.020910563,3520.639672,8097.471246,6907.486139
3/31/2025,Q1,2025,EMEA,MA,467011.5051,0.018660806,8714.811129,20044.0656,16178.80904
3/31/2025,Q1,2025,EMEA,MT,264590.9011,0,0,0,0
3/31/2025,Q1,2025,EMEA,NG,587034.1282,0,0,0,0
3/31/2025,Q1,2025,EMEA,NL,9643897.087,0.062830858,605934.332,1393648.964,657165.8783
3/31/2025,Q1,2025,EMEA,NO,8139329.28,0.067445452,548960.7418,1262609.706,616773.4022
3/31/2025,Q1,2025,EMEA,OM,213823.65,0.007673283,1640.729405,3773.677631,2829.629751
3/31/2025,Q1,2025,EMEA,PL,7532279.93,0.055270879,416315.7358,957526.1922,505471.6346
3/31/2025,Q1,2025,EMEA,PT,1979728.742,0.049585191,98165.22829,225780.0251,114986.8493
3/31/2025,Q1,2025,EMEA,QA,370090.7474,0.009577364,3544.493638,8152.335367,5868.914238
3/31/2025,Q1,2025,EMEA,RO,1393643.582,0.04899866,68286.66772,157059.3358,83598.91046
3/31/2025,Q1,2025,EMEA,RS,367904.7164,0,0,0,0
3/31/2025,Q1,2025,EMEA,SA,1754587.05,0.041397258,72635.09282,167060.7135,90100.48407
3/31/2025,Q1,2025,EMEA,SE,6890531.083,0.064360291,443476.5881,1019996.153,486998.7155
3/31/2025,Q1,2025,EMEA,SI,263848.1905,0,0,0,0
3/31/2025,Q1,2025,EMEA,SK,499344.1087,0.017251268,8614.319122,19812.93398,14957.49989
3/31/2025,Q1,2025,EMEA,TN,496780.9247,0,0,0,0
3/31/2025,Q1,2025,EMEA,TR,9501033.914,0.052802543,501678.7482,1153861.121,583752.6734
3/31/2025,Q1,2025,EMEA,UA,486595.6198,0,0,0,0
3/31/2025,Q1,2025,EMEA,ZA,913052.5902,0.100198475,91486.47692,210418.8969,120480.1754
3/31/2025,Q1,2025,LATAM,AR,19976825.61,0.053931146,1077373.101,2477958.133,1317472.089
3/31/2025,Q1,2025,LATAM,BR,55220421.53,0.072285974,3991661.961,9180822.511,4332868.312
3/31/2025,Q1,2025,LATAM,CL,8734137.209,0.044450872,388240.0112,892952.0258,465237.898
3/31/2025,Q1,2025,LATAM,CO,13996552.19,0.043796096,612994.3473,1409886.999,736293.129
3/31/2025,Q1,2025,LATAM,EC,3563058.993,0.019074967,67965.23364,156320.0374,87187.00207
3/31/2025,Q1,2025,LATAM,JM,2092815.785,0.245587138,513968.6386,1182127.869,618472.0657
3/31/2025,Q1,2025,LATAM,MX,43016870.91,0.054281899,2335037.425,5370586.076,2686229.495
3/31/2025,Q1,2025,LATAM,PA,1747529.513,0.043960685,76822.59501,176691.9685,101462.9737
3/31/2025,Q1,2025,LATAM,PE,4743524.4,0.032761176,155403.4369,357427.905,189974.5675
3/31/2025,Q1,2025,LATAM,PY,311816.9163,0.006730393,2098.650427,4826.895982,3548.469017
3/31/2025,Q1,2025,LATAM,TT,236584.1555,0,0,0,0
3/31/2025,Q1,2025,LATAM,UY,948771.6817,0.0077471,7350.228946,16905.52658,6724.062353
3/31/2025,Q1,2025,LATAM,VE,2537359.524,0.03116958,79088.43144,181903.3923,99156.46892
3/31/2025,Q1,2025,UCAN,CA,29114387.01,0.071181836,2072415.52,4766555.696,2249725.868
3/31/2025,Q1,2025,UCAN,US,407063226.4,0.108925685,44339640.81,101981173.9,44235589.68
6/30/2025,Q2,2025,APAC,AU,18779620.39,0.056870163,1068000.068,2456400.157,1345920.229
6/30/2025,Q2,2025,APAC,BD,468779.6652,0,0,0,0
6/30/2025,Q2,2025,APAC,BN,106292.4191,0,0,0,0
6/30/2025,Q2,2025,APAC,HK,3063406.623,0.058496539,179198.6851,412156.9758,221654.795
6/30/2025,Q2,2025,APAC,ID,3692566.134,0.029966724,110654.1115,254504.4564,137623.9068
6/30/2025,Q2,2025,APAC,IN,35375669.45,0.03468129,1226873.864,2821809.888,1453494.12
6/30/2025,Q2,2025,APAC,JP,29578694.53,0.02825954,835880.3091,1922524.711,910065.4624
6/30/2025,Q2,2025,APAC,KR,12740654.17,0.016978715,216319.9333,497535.8466,255206.8405
6/30/2025,Q2,2025,APAC,LK,338800.4127,0,0,0,0
6/30/2025,Q2,2025,APAC,MY,3165249.324,0.030192036,95565.323,219800.2429,120265.5865
6/30/2025,Q2,2025,APAC,NZ,3274089.491,0.058578176,191790.1905,441117.4382,258965.6478
6/30/2025,Q2,2025,APAC,PH,8260785.918,0.033822283,279398.6404,642616.873,336428.2851
6/30/2025,Q2,2025,APAC,PK,1380178.899,0,0,0,0
6/30/2025,Q2,2025,APAC,SG,1587627.915,0.045598641,72393.67609,166505.455,93112.53139
6/30/2025,Q2,2025,APAC,TH,5673918.611,0.033006405,187275.6544,430734.0051,242129.4299
6/30/2025,Q2,2025,APAC,TW,5314067.327,0.032302011,171655.0597,394806.6374,223434.8221
6/30/2025,Q2,2025,APAC,VN,5643726.327,0,0,0,0
6/30/2025,Q2,2025,EMEA,AE,2663912.617,0.040109342,106847.7819,245749.8984,148347.8442
6/30/2025,Q2,2025,EMEA,AL,58749.95629,0,0,0,0
6/30/2025,Q2,2025,EMEA,AT,3511980.425,0.058157459,204247.8562,469770.0693,256210.3215
6/30/2025,Q2,2025,EMEA,BA,155945.296,0,0,0,0
6/30/2025,Q2,2025,EMEA,BE,4715586.984,0.059081209,278602.5802,640785.9345,357956.654
6/30/2025,Q2,2025,EMEA,BG,314793.9496,0.017368719,5467.567613,12575.40551,9148.087659
6/30/2025,Q2,2025,EMEA,BH,133366.5177,0.00665437,887.470185,2041.181426,1506.144757
6/30/2025,Q2,2025,EMEA,CH,4765208.201,0.05109286,243468.117,559976.6692,287142.2832
6/30/2025,Q2,2025,EMEA,CY,294654.1821,0,0,0,0
6/30/2025,Q2,2025,EMEA,CZ,1152766.978,0.035029661,40381.03657,92876.38411,52031.72978
6/30/2025,Q2,2025,EMEA,DE,39013341.08,0.057443143,2241048.932,5154412.544,2598525.625
6/30/2025,Q2,2025,EMEA,DK,3831828.735,0.073643829,282190.5401,649038.2422,344279.5739
6/30/2025,Q2,2025,EMEA,DZ,295870.7007,0.014198497,4200.919282,9662.114348,6768.706349
6/30/2025,Q2,2025,EMEA,EE,278867.7569,0.015339147,4277.593473,9838.464988,4101.860501
6/30/2025,Q2,2025,EMEA,EG,659099.1374,0.023883619,15741.67289,36205.84766,17653.83894
6/30/2025,Q2,2025,EMEA,ES,19938222.44,0.054273565,1082118.408,2488872.338,1406073.725
6/30/2025,Q2,2025,EMEA,FI,4001391.104,0.064633977,258625.8215,594839.3893,297081.6424
6/30/2025,Q2,2025,EMEA,FR,31923031.23,0.072786566,2323567.817,5344205.979,2921204.231
6/30/2025,Q2,2025,EMEA,GB,44493171.31,0.065522265,2915293.356,6705174.718,3512586.242
6/30/2025,Q2,2025,EMEA,GH,164057.9053,0,0,0,0
6/30/2025,Q2,2025,EMEA,GR,1273020.406,0.048213621,61376.92315,141166.9232,79536.65734
6/30/2025,Q2,2025,EMEA,HR,419506.1325,0.019260684,8079.975101,18583.94273,12542.94093
6/30/2025,Q2,2025,EMEA,HU,1017014.428,0.046952208,47751.07266,109827.4671,57935.28775
6/30/2025,Q2,2025,EMEA,IE,1943830.078,0.065917001,128131.4483,294702.331,181522.9622
6/30/2025,Q2,2025,EMEA,IL,1216060.319,0,0,0,0
6/30/2025,Q2,2025,EMEA,IQ,143480.1687,0.007964741,1142.782429,2628.399586,1300.492028
6/30/2025,Q2,2025,EMEA,IR,20924.25547,0,0,0,0
6/30/2025,Q2,2025,EMEA,IS,193309.357,0.014045192,2715.066993,6244.654084,3933.99328
6/30/2025,Q2,2025,EMEA,IT,15872077.85,0.054925912,871788.3469,2005113.198,1066048.946
6/30/2025,Q2,2025,EMEA,JO,268778.242,0.00572967,1540.010611,3542.024405,2313.720219
6/30/2025,Q2,2025,EMEA,KE,432806.1507,0,0,0,0
6/30/2025,Q2,2025,EMEA,KW,246034.9171,0.001670151,410.9154519,945.1055395,682.632484
6/30/2025,Q2,2025,EMEA,LB,194826.4789,0.005797435,1129.493794,2597.835727,1755.030001
6/30/2025,Q2,2025,EMEA,LT,309071.781,0.007647044,2363.485623,5436.016933,3112.258456
6/30/2025,Q2,2025,EMEA,LU,175118.2643,0,0,0,0
6/30/2025,Q2,2025,EMEA,LV,167402.0264,0.008450207,1414.581728,3253.537975,1917.111521
6/30/2025,Q2,2025,EMEA,MA,494769.3735,0.014801813,7323.483521,16844.0121,12048.30828
6/30/2025,Q2,2025,EMEA,MT,269620.2266,0,0,0,0
6/30/2025,Q2,2025,EMEA,NG,598192.4422,0,0,0,0
6/30/2025,Q2,2025,EMEA,NL,9857681.197,0.065677327,647426.1528,1489080.151,755282.7559
6/30/2025,Q2,2025,EMEA,NO,8311586.77,0.073569215,611476.9154,1406396.905,745428.4103
6/30/2025,Q2,2025,EMEA,OM,230266.4902,0.004282031,986.0083463,2267.819197,1411.718359
6/30/2025,Q2,2025,EMEA,PL,7807987.712,0.060549092,472766.5641,1087363.097,568152.5345
6/30/2025,Q2,2025,EMEA,PT,2433651.418,0.055077414,134039.2272,308290.2226,168523.9346
6/30/2025,Q2,2025,EMEA,QA,388928.5749,0.006698842,2605.371213,5992.35379,4428.271938
6/30/2025,Q2,2025,EMEA,RO,1439583.616,0.05392323,77626.99786,178542.0951,98717.92007
6/30/2025,Q2,2025,EMEA,RS,374897.8298,0,0,0,0
6/30/2025,Q2,2025,EMEA,SA,1812105.649,0.043700897,79190.64249,182138.4777,105494.4352
6/30/2025,Q2,2025,EMEA,SE,6806520.426,0.067850011,461822.4875,1062191.721,561284.1499
6/30/2025,Q2,2025,EMEA,SI,268863.4074,0,0,0,0
6/30/2025,Q2,2025,EMEA,SK,511022.2072,0.014140573,7226.146591,16620.13716,13668.50075
6/30/2025,Q2,2025,EMEA,TN,506223.7,0,0,0,0
6/30/2025,Q2,2025,EMEA,TR,11648338.38,0.061629813,717884.9212,1651135.319,888409.6771
6/30/2025,Q2,2025,EMEA,UA,818604.7998,0,0,0,0
6/30/2025,Q2,2025,EMEA,ZA,907994.5698,0.097881472,88875.84544,204414.4445,122547.4753
6/30/2025,Q2,2025,LATAM,AR,20761188.64,0.055018669,1142252.973,2627181.838,1517492.583
6/30/2025,Q2,2025,LATAM,BR,56484593.8,0.06945127,3922926.802,9022731.645,4751997.93
6/30/2025,Q2,2025,LATAM,CL,8815616.594,0.048562488,428108.2783,984649.04,561987.0821
6/30/2025,Q2,2025,LATAM,CO,14204849.89,0.050510403,717492.697,1650233.203,961757.4479
6/30/2025,Q2,2025,LATAM,EC,3638775.465,0.024838507,90381.75022,207878.0255,115331.9764
6/30/2025,Q2,2025,LATAM,JM,2136029.297,0.228774975,488670.0497,1123941.114,761229.9537
6/30/2025,Q2,2025,LATAM,MX,43701372.16,0.056407528,2465086.386,5669698.688,3021175.181
6/30/2025,Q2,2025,LATAM,PA,1764895.176,0.031812851,56146.34707,129136.5983,81650.11575
6/30/2025,Q2,2025,LATAM,PE,4831885.052,0.035965164,173779.5407,399692.9437,217326.2282
6/30/2025,Q2,2025,LATAM,PY,340464.9301,0.004655864,1585.158243,3645.863959,2170.681176
6/30/2025,Q2,2025,LATAM,TT,243530.7463,0,0,0,0
6/30/2025,Q2,2025,LATAM,UY,958402.2773,0.00794598,7615.44487,17515.5232,5370.465992
6/30/2025,Q2,2025,LATAM,VE,2659054.152,0.039296102,104490.463,240328.065,137859.0773
6/30/2025,Q2,2025,UCAN,CA,29165915.58,0.069460928,2025891.559,4659550.585,2341678.768
6/30/2025,Q2,2025,UCAN,US,408889099.6,0.109847916,44915615.66,103305916,49850406.82
9/30/2025,Q3,2025,APAC,AU,19350393.06,0.053151794,1028508.102,2365568.634,1252001.625
9/30/2025,Q3,2025,APAC,BD,520029.9663,0,0,0,0
9/30/2025,Q3,2025,APAC,BN,117913.07,0,0,0,0
9/30/2025,Q3,2025,APAC,HK,3204990.94,0.053020989,169931.7894,390843.1156,205557.8382
9/30/2025,Q3,2025,APAC,ID,3747516.329,0.032723317,122631.1643,282051.6779,158197.6159
9/30/2025,Q3,2025,APAC,IN,35898516.33,0.035360654,1269395.032,2919608.574,1552363.081
9/30/2025,Q3,2025,APAC,JP,30315792.27,0.02564771,777530.6388,1788320.469,926444.7326
9/30/2025,Q3,2025,APAC,KR,13334940.1,0.017372017,231654.8109,532806.0651,287009.4091
9/30/2025,Q3,2025,APAC,LK,375840.4754,0,0,0,0
9/30/2025,Q3,2025,APAC,MY,3253256.755,0.026724705,86942.32751,199967.3533,117403.5659
9/30/2025,Q3,2025,APAC,NZ,3348888.904,0.052801998,176828.025,406704.4576,226722.9476
9/30/2025,Q3,2025,APAC,PH,8285488.625,0.030688177,254266.5439,584813.0509,309039.4079
9/30/2025,Q3,2025,APAC,PK,1531069.693,0,0,0,0
9/30/2025,Q3,2025,APAC,SG,1669693.681,0.043227239,72176.24747,166005.3692,91735.04716
9/30/2025,Q3,2025,APAC,TH,5824504.98,0.028854105,168060.8794,386540.0227,234376.7825
9/30/2025,Q3,2025,APAC,TW,5490199.878,0.029615328,162594.0728,373966.3674,200348.5147
9/30/2025,Q3,2025,APAC,VN,6260738.019,0,0,0,0
9/30/2025,Q3,2025,EMEA,AE,2829837.541,0.034549579,97769.69441,224870.2971,141904.8045
9/30/2025,Q3,2025,EMEA,AL,61502.07939,0,0,0,0
9/30/2025,Q3,2025,EMEA,AT,3665532.082,0.053247018,195178.6518,448910.8991,248145.9488
9/30/2025,Q3,2025,EMEA,BA,163250.4854,0,0,0,0
9/30/2025,Q3,2025,EMEA,BE,5030830.26,0.053839534,270857.555,622972.3764,355937.1728
9/30/2025,Q3,2025,EMEA,BG,312553.9854,0.016263044,5083.079104,11691.08194,6360.115402
9/30/2025,Q3,2025,EMEA,BH,145019.091,0.00812248,1177.914679,2709.203761,2036.678608
9/30/2025,Q3,2025,EMEA,CH,4730726.058,0.047010301,222392.8541,511503.5645,272242.8976
9/30/2025,Q3,2025,EMEA,CY,308457.0902,0,0,0,0
9/30/2025,Q3,2025,EMEA,CZ,1188341.579,0.032006682,38034.87081,87480.20287,49748.33496
9/30/2025,Q3,2025,EMEA,DE,39273779.09,0.056003605,2199473.22,5058788.407,2582038.039
9/30/2025,Q3,2025,EMEA,DK,3911973.212,0.068526146,268072.4479,616566.6301,330329.3009
9/30/2025,Q3,2025,EMEA,DZ,312285.2633,0.014592092,4556.895144,10480.85883,6996.80072
9/30/2025,Q3,2025,EMEA,EE,288650.8045,0.01260093,3637.268659,8365.717915,4637.24238
9/30/2025,Q3,2025,EMEA,EG,702803.6684,0.017762577,12483.60422,28712.2897,15523.6937
9/30/2025,Q3,2025,EMEA,ES,20692845.35,0.048918624,1012265.525,2328210.707,1318351.516
9/30/2025,Q3,2025,EMEA,FI,4076255.447,0.065124878,265465.6382,610570.9679,296813.6741
9/30/2025,Q3,2025,EMEA,FR,32832205.97,0.065420126,2147887.056,4940140.229,2780166.441
9/30/2025,Q3,2025,EMEA,GB,45160066.46,0.060507185,2732508.514,6284769.583,3243642.91
9/30/2025,Q3,2025,EMEA,GH,171743.1089,0,0,0,0
9/30/2025,Q3,2025,EMEA,GR,1339385.555,0.042648225,57122.41621,131381.5573,75666.90475
9/30/2025,Q3,2025,EMEA,HR,436646.6145,0.021659348,9457.480864,21752.20599,9871.185686
9/30/2025,Q3,2025,EMEA,HU,1025483.033,0.042483261,43565.86353,100201.4861,52742.04839
9/30/2025,Q3,2025,EMEA,IE,2039155.227,0.051987034,106009.6319,243822.1533,134442.9204
9/30/2025,Q3,2025,EMEA,IL,1273025.977,0,0,0,0
9/30/2025,Q3,2025,EMEA,IQ,151606.8753,0.003898526,591.043291,1359.399569,888.4271358
9/30/2025,Q3,2025,EMEA,IR,21904.42515,0,0,0,0
9/30/2025,Q3,2025,EMEA,IS,202220.0356,0.018195089,3679.411473,8462.646389,5791.985068
9/30/2025,Q3,2025,EMEA,IT,16156205.7,0.04986337,805602.8625,1852886.584,996784.9848
9/30/2025,Q3,2025,EMEA,JO,291944.423,0.003944751,1151.647932,2648.790245,1886.711384
9/30/2025,Q3,2025,EMEA,KE,453080.6963,0,0,0,0
9/30/2025,Q3,2025,EMEA,KW,277267.4993,0.00291882,809.2937839,1861.375703,1043.467876
9/30/2025,Q3,2025,EMEA,LB,217240.8645,0.00537184,1166.983257,2684.06149,1968.312742
9/30/2025,Q3,2025,EMEA,LT,334067.4758,0.010474415,3499.161223,8048.070813,4711.486265
9/30/2025,Q3,2025,EMEA,LU,183321.5651,0,0,0,0
9/30/2025,Q3,2025,EMEA,LV,178787.5356,0.009506077,1699.567995,3909.006389,2339.493995
9/30/2025,Q3,2025,EMEA,MA,529506.9209,0.013430206,7111.386841,16356.18974,10188.41165
9/30/2025,Q3,2025,EMEA,MT,282250.4308,0,0,0,0
9/30/2025,Q3,2025,EMEA,NG,626214.4623,0,0,0,0
9/30/2025,Q3,2025,EMEA,NL,9863001.428,0.064250598,633703.7419,1457518.606,740261.6381
9/30/2025,Q3,2025,EMEA,NO,8391872.237,0.065411267,548922.9956,1262522.89,659024.2923
9/30/2025,Q3,2025,EMEA,OM,244197.491,0.004006445,978.3639126,2250.236999,1722.040477
9/30/2025,Q3,2025,EMEA,PL,8000513.308,0.056136172,449118.1888,1032971.834,547732.6904
9/30/2025,Q3,2025,EMEA,PT,2580406.725,0.048160687,124274.1602,285830.5685,159633.5102
9/30/2025,Q3,2025,EMEA,QA,407934.9916,0.006478065,2642.629547,6078.047959,4996.850484
9/30/2025,Q3,2025,EMEA,RO,1482230.435,0.050162931,74353.02351,171011.9541,97398.58457
9/30/2025,Q3,2025,EMEA,RS,392459.6842,0,0,0,0
9/30/2025,Q3,2025,EMEA,SA,1905322.233,0.037071562,70633.27206,162456.5257,102290.3342
9/30/2025,Q3,2025,EMEA,SE,6736518.542,0.062556515,421413.1218,969250.1801,500917.0856
9/30/2025,Q3,2025,EMEA,SI,281458.1373,0,0,0,0
9/30/2025,Q3,2025,EMEA,SK,524767.8993,0.009130561,4791.425253,11020.27808,7736.181244
9/30/2025,Q3,2025,EMEA,TN,529937.4459,0,0,0,0
9/30/2025,Q3,2025,EMEA,TR,11887023.77,0.061907276,735893.2568,1692554.491,947537.55
9/30/2025,Q3,2025,EMEA,UA,519072.3945,0,0,0,0
9/30/2025,Q3,2025,EMEA,ZA,909366.6692,0.09414662,85613.79782,196911.735,121007.0769
9/30/2025,Q3,2025,LATAM,AR,21570998.74,0.048624437,1048877.668,2412418.637,1431624.465
9/30/2025,Q3,2025,LATAM,BR,58612828.41,0.062966367,3690636.885,8488464.837,4449322.878
9/30/2025,Q3,2025,LATAM,CL,9151431.114,0.043120284,394612.3064,907608.3046,511962.1021
9/30/2025,Q3,2025,LATAM,CO,14794978.52,0.039397446,582884.3679,1340634.046,778211.3725
9/30/2025,Q3,2025,LATAM,EC,3901252.073,0.025896596,101029.1477,232367.0397,129079.6254
9/30/2025,Q3,2025,LATAM,JM,2149146.169,0.14793656,317937.2907,731255.7686,484444.8904
9/30/2025,Q3,2025,LATAM,MX,44636920.9,0.052357051,2337057.557,5375232.382,2778591.898
9/30/2025,Q3,2025,LATAM,PA,1816473.248,0.04502414,81785.14544,188105.8345,80751.74841
9/30/2025,Q3,2025,LATAM,PE,4942588.168,0.029518381,145897.2001,335563.5603,178257.2862
9/30/2025,Q3,2025,LATAM,PY,347824.2615,0.003282744,1141.818035,2626.181481,1974.91242
9/30/2025,Q3,2025,LATAM,TT,249348.0467,0,0,0,0
9/30/2025,Q3,2025,LATAM,UY,1802887.781,0.021495946,38754.77891,89135.9915,53903.17702
9/30/2025,Q3,2025,LATAM,VE,2762147.902,0.034544418,95416.7923,219458.6223,130190.8659
9/30/2025,Q3,2025,UCAN,CA,29618532.26,0.064350921,1905979.844,4383753.641,2173883.713
9/30/2025,Q3,2025,UCAN,US,420852455.9,0.095908889,40363491.46,92836030.36,44463995.72
12/31/2025,Q4,2025,APAC,AU,19991262.29,0.07177964,1434965.618,3300420.921,1718504.649
12/31/2025,Q4,2025,APAC,BD,582922.2407,0,0,0,0
12/31/2025,Q4,2025,APAC,BN,132173.4633,0,0,0,0
12/31/2025,Q4,2025,APAC,HK,3320548.773,0.071142216,236231.1977,543331.7547,278009.8321
12/31/2025,Q4,2025,APAC,ID,3935967.282,0.04567855,179789.2791,413515.3419,222609.1392
12/31/2025,Q4,2025,APAC,IN,37682264.6,0.049249038,1855815.267,4268375.113,2178101.272
12/31/2025,Q4,2025,APAC,JP,31857810.42,0.036291802,1156177.338,2659207.878,1330384.083
12/31/2025,Q4,2025,APAC,KR,13921447.97,0.026603492,370359.1303,851825.9997,450085.7635
12/31/2025,Q4,2025,APAC,LK,421294.5185,0,0,0,0
12/31/2025,Q4,2025,APAC,MY,3453758.783,0.040120285,138565.7864,318701.3087,174191.8215
12/31/2025,Q4,2025,APAC,NZ,3509928.993,0.068925204,241922.5733,556421.9185,297022.741
12/31/2025,Q4,2025,APAC,PH,8511193.279,0.044837508,381620.6937,877727.5956,456631.2787
12/31/2025,Q4,2025,APAC,PK,1716236.587,0,0,0,0
12/31/2025,Q4,2025,APAC,SG,1737637.646,0.060583216,105271.6764,242124.8558,125115.3476
12/31/2025,Q4,2025,APAC,TH,6125071.588,0.040625764,248835.71,572322.133,336753.6352
12/31/2025,Q4,2025,APAC,TW,5714103.165,0.039735621,227053.4364,522222.9038,269842.6768
12/31/2025,Q4,2025,APAC,VN,7017909.024,0,0,0,0
12/31/2025,Q4,2025,EMEA,AE,2960148.008,0.050979484,150906.8195,347085.6847,197415.581
12/31/2025,Q4,2025,EMEA,AL,65391.87895,0,0,0,0
12/31/2025,Q4,2025,EMEA,AT,3803386.083,0.07147793,271858.163,625273.7749,327147.3369
12/31/2025,Q4,2025,EMEA,BA,173575.4234,0,0,0,0
12/31/2025,Q4,2025,EMEA,BE,5343841.338,0.073314895,391783.1642,901101.2776,531367.5823
12/31/2025,Q4,2025,EMEA,BG,320342.3891,0.01443927,4625.510114,10638.67326,5146.690661
12/31/2025,Q4,2025,EMEA,BH,161825.1907,0.009168581,1483.707332,3412.526865,1643.497732
12/31/2025,Q4,2025,EMEA,CH,4890403.988,0.068209104,333570.0727,767211.1672,410240.842
12/31/2025,Q4,2025,EMEA,CY,327965.729,0,0,0,0
12/31/2025,Q4,2025,EMEA,CZ,1206074.433,0.041769386,50376.98905,115867.0748,58493.73095
12/31/2025,Q4,2025,EMEA,DE,40430771.63,0.07866543,3180504.025,7315159.258,3904633.544
12/31/2025,Q4,2025,EMEA,DK,4057914.988,0.086797751,352217.8966,810101.1622,412895.407
12/31/2025,Q4,2025,EMEA,DZ,344265.8522,0.021809204,7508.164262,17268.7778,10233.44184
12/31/2025,Q4,2025,EMEA,EE,302569.5255,0.021025768,6361.756707,14632.04043,6769.908752
12/31/2025,Q4,2025,EMEA,EG,744916.7558,0.027561245,20530.83293,47220.91575,21570.10787
12/31/2025,Q4,2025,EMEA,ES,21670825.69,0.070401705,1525663.067,3509025.054,1992410.876
12/31/2025,Q4,2025,EMEA,FI,4293977.765,0.082198993,352960.6473,811809.4888,405010.3337
12/31/2025,Q4,2025,EMEA,FR,33743180.89,0.09597731,3238579.742,7448733.407,4275405.236
12/31/2025,Q4,2025,EMEA,GB,46125693.02,0.085569817,3946967.099,9078024.328,4714016.2
12/31/2025,Q4,2025,EMEA,GH,182605.1332,0,0,0,0
12/31/2025,Q4,2025,EMEA,GR,1407489.646,0.059425359,83640.57782,192373.329,108039.7037
12/31/2025,Q4,2025,EMEA,HR,458043.7517,0.016672609,7636.784486,17564.60432,6227.821053
12/31/2025,Q4,2025,EMEA,HU,1081128.833,0.063604457,68764.61187,158158.6073,83995.28428
12/31/2025,Q4,2025,EMEA,IE,2114667.5,0.066998803,141680.1907,325864.4387,177736.6214
12/31/2025,Q4,2025,EMEA,IL,1353539.568,0,0,0,0
12/31/2025,Q4,2025,EMEA,IQ,162630.6691,0.007748046,1260.069969,2898.16093,1419.850513
12/31/2025,Q4,2025,EMEA,IR,23185.50143,0,0,0,0
12/31/2025,Q4,2025,EMEA,IS,212720.1194,0.020338931,4326.499869,9950.949699,5929.574511
12/31/2025,Q4,2025,EMEA,IT,16791094.83,0.072215951,1212584.885,2788945.235,1476373.388
12/31/2025,Q4,2025,EMEA,JO,328628.6633,0.008049685,2645.35734,6084.321882,2744.736438
12/31/2025,Q4,2025,EMEA,KE,481736.1728,0,0,0,0
12/31/2025,Q4,2025,EMEA,KW,313479.1412,0.004625578,1450.022219,3335.051104,1353.192016
12/31/2025,Q4,2025,EMEA,LB,234112.4525,0.011905166,2787.147512,6410.439276,3405.49744
12/31/2025,Q4,2025,EMEA,LT,352595.8605,0.014528121,5122.555279,11781.87714,4857.083785
12/31/2025,Q4,2025,EMEA,LU,194915.8415,0,0,0,0
12/31/2025,Q4,2025,EMEA,LV,180543.8639,0.010629104,1919.019541,4413.744945,1945.000955
12/31/2025,Q4,2025,EMEA,MA,594970.5416,0.025241765,15018.10652,34541.645,21498.79794
12/31/2025,Q4,2025,EMEA,MT,300101.6205,0,0,0,0
12/31/2025,Q4,2025,EMEA,NG,665819.9653,0,0,0,0
12/31/2025,Q4,2025,EMEA,NL,10098809.83,0.088708473,895850,2060455,1056489.119
12/31/2025,Q4,2025,EMEA,NO,8491297.716,0.087596229,743805.6569,1710753.011,883255.8113
12/31/2025,Q4,2025,EMEA,OM,273569.9373,0.007486438,2048.064315,4710.547926,2423.048066
12/31/2025,Q4,2025,EMEA,PL,8355510.16,0.076892528,642476.2961,1477695.481,776773.793
12/31/2025,Q4,2025,EMEA,PT,3136075.082,0.07633761,239400.4772,550621.0976,304312.057
12/31/2025,Q4,2025,EMEA,QA,444010.4593,0.008178452,3631.318172,8352.031797,5263.206911
12/31/2025,Q4,2025,EMEA,RO,1613933.212,0.071760405,115816.5013,266377.953,149842.0507
12/31/2025,Q4,2025,EMEA,RS,417281.0683,0,0,0,0
12/31/2025,Q4,2025,EMEA,SA,2053922.707,0.047904778,98392.71219,226303.238,136407.767
12/31/2025,Q4,2025,EMEA,SE,6966106.458,0.087329117,608343.9232,1399191.023,674182.4105
12/31/2025,Q4,2025,EMEA,SI,299259.1398,0,0,0,0
12/31/2025,Q4,2025,EMEA,SK,568063.7015,0.009406869,5343.701095,12290.51252,4709.734071
12/31/2025,Q4,2025,EMEA,TN,563453.7283,0,0,0,0
12/31/2025,Q4,2025,EMEA,TR,12268552.12,0.091861374,1127006.051,2592113.918,1424633.422
12/31/2025,Q4,2025,EMEA,UA,551901.5998,0,0,0,0
12/31/2025,Q4,2025,EMEA,ZA,912129.343,0.133295244,121582.5037,279639.7584,171509.9881
12/31/2025,Q4,2025,LATAM,AR,23012798.78,0.061190977,1408175.639,3238803.97,1842696.033
12/31/2025,Q4,2025,LATAM,BR,61358226,0.083177297,5103611.364,11738306.14,6044930.36
12/31/2025,Q4,2025,LATAM,CL,9796834.957,0.056408024,552620.0967,1271026.222,677720.387
12/31/2025,Q4,2025,LATAM,CO,15758548.13,0.05185331,817132.8872,1879405.641,1110551.622
12/31/2025,Q4,2025,LATAM,EC,4198217.895,0.025439915,106802.3048,245645.3009,147142.9144
12/31/2025,Q4,2025,LATAM,JM,2344269.662,0.225287639,528134.9782,1214710.45,719121.7858
12/31/2025,Q4,2025,LATAM,MX,46118878.72,0.072168471,3328328.949,7655156.584,3886265.623
12/31/2025,Q4,2025,LATAM,PA,1905491.71,0.06651449,126742.8096,291508.4621,114598.0795
12/31/2025,Q4,2025,LATAM,PE,5270803.139,0.039494982,208170.2776,478791.6386,269245.6902
12/31/2025,Q4,2025,LATAM,PY,365440.6774,0.002543134,929.3644466,2137.538227,895.0265295
12/31/2025,Q4,2025,LATAM,TT,259801.0375,0,0,0,0
12/31/2025,Q4,2025,LATAM,UY,1909385.09,0.028630576,54666.79465,125733.6277,70995.24081
12/31/2025,Q4,2025,LATAM,VE,2960076.782,0.044929773,132995.5772,305889.8276,160606.5696
12/31/2025,Q4,2025,UCAN,CA,30561888.84,0.090266692,2758720.597,6345057.374,3114807.53
12/31/2025,Q4,2025,UCAN,US,432247899.4,0.127491442,55107907.99,126748188.4,60457551.39